university_name,field,exposure_firstjob_beta,n_people
17 August 1945 University Banyuwangi,Business,0.495286124842388,14
17 August 1945 University Cirebon,Business,0.537618189171889,24
17 August 1945 University Cirebon,Engineering,0.35450107754912,54
17 August 1945 University Samarinda,Accounting,0.535812920704114,10
17 August 1945 University Samarinda,Business,0.458248244723447,14
17 August 1945 University Samarinda,Engineering,0.406040311849812,15
17 August 1945 University Samarinda,Law,0.472845973762808,20
17 August 1945 University Semarang,Accounting,0.615665629628287,16
17 August 1945 University Semarang,Architecture,0.457553984159392,15
17 August 1945 University Semarang,Business,0.474114376439011,31
17 August 1945 University Semarang,Engineering,0.448055912293252,54
17 August 1945 University Semarang,Law,0.513318562832434,63
17 August 1945 University Surabaya,Accounting,0.559360654091746,59
17 August 1945 University Surabaya,Architecture,0.480445263157564,42
17 August 1945 University Surabaya,Business,0.509936580594565,126
17 August 1945 University Surabaya,Economics,0.488810108431856,32
17 August 1945 University Surabaya,Engineering,0.486537459808004,287
17 August 1945 University Surabaya,Information Technology,0.652426834054131,72
17 August 1945 University Surabaya,Law,0.499619384912715,57
AKPRIND Institute of Science and Technology,Engineering,0.469260410389405,179
AKPRIND Institute of Science and Technology,Information Technology,0.571262336747515,11
Adhi Tama Institute of Technology Surabaya,Architecture,0.469150149461142,60
Adhi Tama Institute of Technology Surabaya,Engineering,0.467200149788425,452
Adhi Tama Institute of Technology Surabaya,Information Technology,0.64337050889,84
Adi Buana PGRI University,Accounting,0.577482588630874,17
Adi Buana PGRI University,Business,0.475867778034565,33
Adi Buana PGRI University,Education,0.481629487756158,109
Adi Buana PGRI University,Engineering,0.429260476953923,57
Adi Buana PGRI University,Statistics,0.618764244363077,12
Adventist University of Indonesia,Accounting,0.543378574111526,481
Adventist University of Indonesia,Business,0.532744602915507,80
Adventist University of Indonesia,Economics,0.535893996176766,51
Adventist University of Indonesia,Education,0.421670955772746,69
Adventist University of Indonesia,Engineering,0.601277198743249,31
Adventist University of Indonesia,Finance,0.549789210092996,83
Adventist University of Indonesia,Information Technology,0.637288589434202,71
Adventist University of Indonesia,Nursing,0.405076162288739,97
Ahmad Dahlan University,Accounting,0.55548592226571,150
Ahmad Dahlan University,Biology,0.474803349103462,21
Ahmad Dahlan University,Business,0.528113907366587,145
Ahmad Dahlan University,Economics,0.523469253343822,56
Ahmad Dahlan University,Education,0.505530936273734,319
Ahmad Dahlan University,Engineering,0.544209323712944,424
Ahmad Dahlan University,Finance,0.575690116339175,25
Ahmad Dahlan University,Information Technology,0.592557323832442,51
Ahmad Dahlan University,Law,0.535055442693818,44
Ahmad Dahlan University,Marketing,0.52058094601799,11
Ahmad Dahlan University,Mathematics,0.480496979431687,26
Airlangga University,Accounting,0.534762670344533,1279
Airlangga University,Biology,0.521959054233942,39
Airlangga University,Business,0.519582139029389,1272
Airlangga University,Chemistry,0.504432241099481,284
Airlangga University,Economics,0.535339992874271,870
Airlangga University,Education,0.45727820029168,58
Airlangga University,Engineering,0.526862458462209,387
Airlangga University,Finance,0.529358019106469,163
Airlangga University,Information Technology,0.632661592340352,20
Airlangga University,Law,0.50450880073122,608
Airlangga University,Marketing,0.497326896911974,34
Airlangga University,Mathematics,0.559987420966229,170
Airlangga University,Medicine,0.415739654744835,571
Airlangga University,Nursing,0.436517626864449,137
Airlangga University,Physics,0.512225483240951,125
Airlangga University,Statistics,0.590154760562455,103
Akademi Pariwisata Indonesia,Business,0.45594798892052,11
Akademi Teknik Mesin Industri,Engineering,0.448689862714839,77
Akamigas Balongan,Engineering,0.356570321276234,20
Aki University,Business,0.560688548609032,10
Aki University,Engineering,0.529512833186516,18
Aki University,Information Technology,0.581589584723139,23
Al-Azhar University Indonesia,Accounting,0.533135214616349,110
Al-Azhar University Indonesia,Biology,0.508170847840951,13
Al-Azhar University Indonesia,Business,0.540774537765407,181
Al-Azhar University Indonesia,Economics,0.553053793828731,58
Al-Azhar University Indonesia,Education,0.385797936948034,18
Al-Azhar University Indonesia,Engineering,0.559702338220705,241
Al-Azhar University Indonesia,Finance,0.554082416769897,24
Al-Azhar University Indonesia,Information Technology,0.647593563088653,35
Al-Azhar University Indonesia,Law,0.509816953214556,116
Al-Azhar University Indonesia,Marketing,0.5236373510801,63
Al-Qur'an University of Science,Business,0.470597418924872,11
Amikom Purwokerto University,Engineering,0.544130640091037,61
Amikom Purwokerto University,Information Technology,0.602132672237666,25
Amikom University of Yogyakarta,Business,0.569502780879338,80
Amikom University of Yogyakarta,Engineering,0.609450301951638,533
Amikom University of Yogyakarta,Information Technology,0.626324792951127,382
Amir Hamzah University,Engineering,0.40048101154458,11
Andalas University,Accounting,0.54681781891935,546
Andalas University,Biology,0.501328522821349,42
Andalas University,Business,0.529854944275768,507
Andalas University,Chemistry,0.513809932379182,289
Andalas University,Economics,0.536206715282301,320
Andalas University,Education,0.552592157885378,13
Andalas University,Engineering,0.483576498381721,2233
Andalas University,Finance,0.535674125523895,61
Andalas University,Information Technology,0.708336381541593,29
Andalas University,Law,0.513299329298357,517
Andalas University,Marketing,0.526431496160461,22
Andalas University,Mathematics,0.544600974802383,117
Andalas University,Medicine,0.443411154592223,67
Andalas University,Nursing,0.417920781613444,46
Andalas University,Physics,0.520246062445759,97
Andalas University,Statistics,0.593370667776679,13
Ar-Raniry State Islamic University,Architecture,0.488713119123875,14
Ar-Raniry State Islamic University,Economics,0.509588447939549,19
Ar-Raniry State Islamic University,Education,0.480550263533642,120
Ar-Raniry State Islamic University,Engineering,0.503809267086382,13
Ar-Raniry State Islamic University,Information Technology,0.512755637151684,11
Ar-Raniry State Islamic University,Law,0.525545489027612,21
Asian Banking Finance & Informatics Institute Perbanas,Accounting,0.549378525557205,909
Asian Banking Finance & Informatics Institute Perbanas,Business,0.550112832258643,801
Asian Banking Finance & Informatics Institute Perbanas,Economics,0.545880915467895,268
Asian Banking Finance & Informatics Institute Perbanas,Engineering,0.637652211249704,46
Asian Banking Finance & Informatics Institute Perbanas,Finance,0.538957667434508,227
Asian Banking Finance & Informatics Institute Perbanas,Information Technology,0.645645550406967,67
Asian Banking Finance & Informatics Institute Perbanas,Marketing,0.542827381712597,34
Atma Jaya Catholic University of Indonesia,Accounting,0.538561692640075,2194
Atma Jaya Catholic University of Indonesia,Biology,0.494744623848705,15
Atma Jaya Catholic University of Indonesia,Business,0.520455895120316,1886
Atma Jaya Catholic University of Indonesia,Economics,0.535675743742694,714
Atma Jaya Catholic University of Indonesia,Education,0.44130360211363,366
Atma Jaya Catholic University of Indonesia,Engineering,0.519989832837169,1628
Atma Jaya Catholic University of Indonesia,Finance,0.534233666594237,385
Atma Jaya Catholic University of Indonesia,Law,0.502139206682551,1124
Atma Jaya Catholic University of Indonesia,Marketing,0.526136832281985,136
Atma Jaya Catholic University of Indonesia,Medicine,0.508217304910524,145
Atma Jaya Makassar University,Accounting,0.503784507557552,83
Atma Jaya Makassar University,Business,0.535624536725299,55
Atma Jaya Makassar University,Economics,0.531673013461708,25
Atma Jaya Makassar University,Engineering,0.462362409984985,38
Atma Jaya Makassar University,Finance,0.499528026506277,12
Atma Jaya Makassar University,Information Technology,0.605478978113598,23
Atma Jaya Makassar University,Law,0.510283518274282,29
Atma Jaya Yogyakarta University,Accounting,0.535390479403307,775
Atma Jaya Yogyakarta University,Architecture,0.49353417050463,538
Atma Jaya Yogyakarta University,Biology,0.482004411682119,12
Atma Jaya Yogyakarta University,Business,0.519143918172459,712
Atma Jaya Yogyakarta University,Economics,0.537303762756384,207
Atma Jaya Yogyakarta University,Engineering,0.51749213517316,1627
Atma Jaya Yogyakarta University,Finance,0.542945057013359,143
Atma Jaya Yogyakarta University,Information Technology,0.648497606899049,249
Atma Jaya Yogyakarta University,Law,0.503522770432402,448
Atma Jaya Yogyakarta University,Marketing,0.524417500337193,104
Attahiriyah Islamic University,Business,0.572612322021186,12
Attahiriyah Islamic University,Law,0.517364331633313,10
Azzahra University,Accounting,0.533184020540784,11
Azzahra University,Business,0.531346563462467,16
Azzahra University,Economics,0.58506322897706,11
Azzahra University,Law,0.471665061578911,15
Bakrie University,Accounting,0.541359315745615,317
Bakrie University,Business,0.534858129751052,465
Bakrie University,Economics,0.516552283385736,55
Bakrie University,Engineering,0.538912604237287,223
Bakrie University,Finance,0.54014864689434,36
Bakrie University,Information Technology,0.615006954147695,18
Bakrie University,Marketing,0.544129859787936,236
Bale Bandung University,Education,0.441969525053757,15
Balikpapan College of Economics,Accounting,0.544085050325984,15
Balikpapan College of Economics,Business,0.472902634577476,18
Balikpapan University,Accounting,0.554813497960564,41
Balikpapan University,Business,0.531439378741836,51
Balikpapan University,Economics,0.497173811176706,20
Balikpapan University,Engineering,0.350761160761194,264
Balikpapan University,Law,0.517390321451674,29
Bandar Lampung University,Accounting,0.554309281699326,62
Bandar Lampung University,Architecture,0.46305879895839,14
Bandar Lampung University,Business,0.532354545521521,78
Bandar Lampung University,Economics,0.534589952771501,17
Bandar Lampung University,Education,0.462027374915654,25
Bandar Lampung University,Engineering,0.521627137317895,52
Bandar Lampung University,Finance,0.544011951695464,11
Bandar Lampung University,Law,0.541943868964848,29
Bandung Institute of Science and Technology,Engineering,0.478473645776756,146
Bandung Institute of Technology,Accounting,0.456748212143718,12
Bandung Institute of Technology,Architecture,0.494872085624243,734
Bandung Institute of Technology,Biology,0.495584875159687,154
Bandung Institute of Technology,Business,0.518781520558399,1354
Bandung Institute of Technology,Chemistry,0.492023922413721,607
Bandung Institute of Technology,Engineering,0.51228396568632,15324
Bandung Institute of Technology,Finance,0.561642009342916,12
Bandung Institute of Technology,Information Technology,0.630882585669438,107
Bandung Institute of Technology,Marketing,0.513932687101213,30
Bandung Institute of Technology,Mathematics,0.597614429319231,711
Bandung Institute of Technology,Physics,0.53361363856326,568
Bandung Institute of Technology,Statistics,0.617804192078062,37
Bandung National Institute of Technology,Architecture,0.487681811803491,436
Bandung National Institute of Technology,Engineering,0.483804037977331,2256
Bandung National Institute of Technology,Information Technology,0.627328624910992,63
Bangka Belitung University,Accounting,0.580470689491814,25
Bangka Belitung University,Business,0.48044662488528,18
Bangka Belitung University,Engineering,0.487624784445465,61
Bangka Belitung University,Law,0.523908994852783,12
Bangun Nusantara Veteran University,Education,0.459282294333447,33
Bangun Nusantara Veteran University,Engineering,0.467473762753809,16
"Bank BPD College of Economics, Central Java",Accounting,0.550772388047994,46
"Bank BPD College of Economics, Central Java",Business,0.548320141738196,40
"Bank BPD College of Economics, Central Java",Economics,0.513230179027369,11
Banten Jaya University,Engineering,0.422451384182153,65
Banten Jaya University,Information Technology,0.568290411249555,23
Banten School of Administrative Sciences,Business,0.491005387202782,14
Batam Tourism Polytechnic,Business,0.377693879624365,45
Batam University,Accounting,0.512965268191724,27
Batam University,Business,0.510847951060075,23
Batam University,Engineering,0.39260649435873,77
Batam University,Law,0.516840498932326,20
Batanghari University,Business,0.494534409378912,26
Batanghari University,Economics,0.458791721721764,11
Batanghari University,Education,0.480515500272784,20
Batanghari University,Engineering,0.455896226616962,14
Batanghari University,Law,0.544139873825851,12
Baturaja University,Business,0.492208208418142,10
Batusangkar State Islamic Institute,Education,0.532714243576866,15
Bengkulu University,Accounting,0.537347899752049,88
Bengkulu University,Business,0.524499098033462,79
Bengkulu University,Chemistry,0.530750159529275,38
Bengkulu University,Economics,0.509417803533416,38
Bengkulu University,Education,0.482856655520663,144
Bengkulu University,Engineering,0.480358004866007,209
Bengkulu University,Information Technology,0.644984122305334,20
Bengkulu University,Law,0.514027764604303,56
Bengkulu University,Mathematics,0.539449347645932,23
Bengkulu University,Physics,0.514557103616566,15
Bhayangkara Jakarta Raya University,Engineering,0.445768829911796,13
Bhayangkara University Surabaya,Accounting,0.546760799154649,43
Bhayangkara University Surabaya,Business,0.505469506829464,74
Bhayangkara University Surabaya,Economics,0.507227720512116,15
Bhayangkara University Surabaya,Engineering,0.514383840287146,25
Bhayangkara University Surabaya,Law,0.505200863863756,45
Bina Bangsa University,Accounting,0.549353572693272,25
Bina Bangsa University,Business,0.49922451248748,78
Bina Darma University,Accounting,0.500810993069103,28
Bina Darma University,Business,0.510494983352374,28
Bina Darma University,Engineering,0.500811854012179,128
Bina Darma University,Information Technology,0.593431700996418,42
Bina Sarana Computer University of Bandung,Accounting,0.541108371811422,14
Bina Sarana Computer University of Bandung,Business,0.526609107563848,180
Bina Sarana Computer University of Bandung,Engineering,0.565897194005958,127
Bina Sarana Computer University of Bandung,Information Technology,0.5800796548445,44
Binus Business School,Business,0.542308315811421,68
Binus University,Accounting,0.555797615485704,1891
Binus University,Architecture,0.486768484019638,344
Binus University,Business,0.544914876223437,6348
Binus University,Economics,0.530465779688595,606
Binus University,Education,0.39054372243943,21
Binus University,Engineering,0.612203160350869,9445
Binus University,Finance,0.554753017787679,608
Binus University,Information Technology,0.622657810651542,3019
Binus University,Law,0.52072061711785,52
Binus University,Marketing,0.528417701796184,1299
Binus University,Mathematics,0.542833272047616,18
Binus University,Nursing,0.389861317722172,17
Binus University,Statistics,0.567195054841772,31
Bogor Agricultural University,Accounting,0.577817561939508,20
Bogor Agricultural University,Architecture,0.409128861188454,335
Bogor Agricultural University,Biology,0.474919763700067,124
Bogor Agricultural University,Business,0.513944785049245,2427
Bogor Agricultural University,Chemistry,0.495116292144914,430
Bogor Agricultural University,Economics,0.540600244065061,1192
Bogor Agricultural University,Engineering,0.562130988722519,1833
Bogor Agricultural University,Information Technology,0.561587070456383,14
Bogor Agricultural University,Marketing,0.549333843890271,22
Bogor Agricultural University,Mathematics,0.558046179044345,273
Bogor Agricultural University,Medicine,0.395245629777539,376
Bogor Agricultural University,Physics,0.531800286387744,192
Bogor Agricultural University,Statistics,0.613328502308641,374
Borneo Tarakan University,Business,0.531838464106589,11
Borneo Tarakan University,Education,0.432157872300228,16
Borneo Tarakan University,Engineering,0.488242245071119,11
Borobudur University,Accounting,0.538043693719856,20
Borobudur University,Architecture,0.532760439347005,13
Borobudur University,Business,0.537617664208474,23
Borobudur University,Economics,0.543023258376269,22
Borobudur University,Engineering,0.518410889926586,26
Borobudur University,Law,0.512271098198127,34
Bosowa University,Accounting,0.521548909690807,11
Bosowa University,Business,0.423919480146668,14
Bosowa University,Economics,0.590191963986356,10
Bosowa University,Engineering,0.479932265462596,19
Bosowa University,Law,0.567732239447866,10
Brawijaya University,Accounting,0.534797986410912,955
Brawijaya University,Architecture,0.480896317993865,359
Brawijaya University,Biology,0.498948340704042,86
Brawijaya University,Business,0.521659913886727,3659
Brawijaya University,Chemistry,0.490872093600353,359
Brawijaya University,Economics,0.527927178272998,862
Brawijaya University,Education,0.492110133925572,244
Brawijaya University,Engineering,0.527173049160527,5891
Brawijaya University,Finance,0.533355637998141,153
Brawijaya University,Information Technology,0.653596728069113,320
Brawijaya University,Law,0.50002369968505,1032
Brawijaya University,Marketing,0.498304068775773,76
Brawijaya University,Mathematics,0.554730782240406,171
Brawijaya University,Medicine,0.416241228240139,282
Brawijaya University,Nursing,0.441832340591249,102
Brawijaya University,Physics,0.487566351156197,165
Brawijaya University,Statistics,0.578096298497217,263
Buana Perjuangan University of Karawang,Accounting,0.46129570622576,25
Buana Perjuangan University of Karawang,Business,0.470513242208276,50
Buana Perjuangan University of Karawang,Engineering,0.498236619940187,51
Buddhi Dharma University,Accounting,0.55059314057147,189
Buddhi Dharma University,Business,0.539625052910368,184
Buddhi Dharma University,Economics,0.541576257823353,25
Buddhi Dharma University,Engineering,0.575059266365999,86
Buddhi Dharma University,Finance,0.560433298928445,47
Buddhi Dharma University,Information Technology,0.588564166294195,105
Buddhi Dharma University,Marketing,0.516130214506001,15
Budi Luhur University,Accounting,0.550488248592551,196
Budi Luhur University,Architecture,0.485698223500872,33
Budi Luhur University,Business,0.540251706828065,383
Budi Luhur University,Economics,0.515650548169093,79
Budi Luhur University,Engineering,0.635609983908135,435
Budi Luhur University,Finance,0.566575818798347,20
Budi Luhur University,Information Technology,0.647540329167126,653
Budi Luhur University,Marketing,0.534485031161413,17
Budi Utomo Institute of Technology,Engineering,0.464109679534434,152
Budi Utomo Institute of Technology,Information Technology,0.570054925033281,12
Bukittinggi State Islamic Institute,Education,0.496252108395275,12
Bunda Mulia University,Accounting,0.537556857930667,394
Bunda Mulia University,Business,0.516070553604135,483
Bunda Mulia University,Economics,0.511761928019956,66
Bunda Mulia University,Engineering,0.574836714989489,232
Bunda Mulia University,Finance,0.540464959711457,67
Bunda Mulia University,Information Technology,0.625071247339726,239
Bunda Mulia University,Marketing,0.510713849975886,74
Bung Hatta University,Accounting,0.512204494931908,72
Bung Hatta University,Architecture,0.449645054979781,43
Bung Hatta University,Business,0.525265383891493,57
Bung Hatta University,Economics,0.513815370960278,31
Bung Hatta University,Education,0.451859610517994,62
Bung Hatta University,Engineering,0.453495701426805,337
Bung Hatta University,Law,0.529086959495884,62
Bung Karno University,Accounting,0.559575319532615,29
Bung Karno University,Business,0.513671905643688,32
Bung Karno University,Economics,0.597508531271038,11
Bung Karno University,Engineering,0.456024709620406,28
Bung Karno University,Law,0.495858621726312,82
"Business Development and Management College, Jakarta",Business,0.527822544438804,12
Christian University of Indonesia,Accounting,0.538857893465701,148
Christian University of Indonesia,Architecture,0.474992756455595,30
Christian University of Indonesia,Business,0.518087414428526,97
Christian University of Indonesia,Economics,0.53511212630656,38
Christian University of Indonesia,Education,0.433609824139744,88
Christian University of Indonesia,Engineering,0.463604651612009,214
Christian University of Indonesia,Finance,0.550177557231145,23
Christian University of Indonesia,Law,0.501685601772679,324
Christian University of Indonesia,Marketing,0.525225290524646,11
Christian University of Indonesia,Medicine,0.49623921626498,47
College of Technology Jakarta,Engineering,0.511897439848602,28
Darma Agung University,Engineering,0.423863102046875,34
Darma Agung University,Law,0.433798755124482,11
Darma Cendika Catholic University,Business,0.545761694101378,11
Darma Persada University,Accounting,0.547455617470967,81
Darma Persada University,Business,0.523118223046259,137
Darma Persada University,Economics,0.517338623542673,40
Darma Persada University,Engineering,0.522665642637706,206
Darma Persada University,Finance,0.555329565388522,14
Darma Persada University,Information Technology,0.660563801207616,92
Dayanu Ikhsanuddin University,Education,0.558921387129888,10
De La Salle Catholic University,Accounting,0.490574322542974,22
De La Salle Catholic University,Business,0.482427094305244,13
De La Salle Catholic University,Engineering,0.555437899506948,43
De La Salle Catholic University,Information Technology,0.612385594222265,15
De La Salle Catholic University,Nursing,0.34041149684038,13
Del Institute of Technology,Engineering,0.619720510562295,267
Del Institute of Technology,Information Technology,0.792125323133813,35
"Development College of Economics, Tanjungpinang",Accounting,0.571217226533492,16
"Development College of Economics, Tanjungpinang",Business,0.508536637237037,14
Development University of Panca Budi,Accounting,0.530857677550335,45
Development University of Panca Budi,Business,0.494514466514495,72
Development University of Panca Budi,Economics,0.497839347677255,31
Development University of Panca Budi,Engineering,0.530728737316187,153
Development University of Panca Budi,Information Technology,0.596150044512381,11
Development University of Panca Budi,Law,0.60463737389221,15
Dharma Andalas University,Business,0.522316665833856,22
Dharmawangsa University,Accounting,0.534093603625874,23
Dharmawangsa University,Business,0.515069576626436,21
Dharmawangsa University,Law,0.510785409383564,38
Dian Nuswantoro University,Accounting,0.538984333768172,91
Dian Nuswantoro University,Business,0.536988436603284,160
Dian Nuswantoro University,Economics,0.521266108872482,15
Dian Nuswantoro University,Engineering,0.608818710696337,610
Dian Nuswantoro University,Finance,0.514384351104868,12
Dian Nuswantoro University,Information Technology,0.640654979141813,332
Dian Nuswantoro University,Marketing,0.435581973615522,12
Diponegoro University,Accounting,0.535129530376793,963
Diponegoro University,Architecture,0.483991700674253,521
Diponegoro University,Biology,0.478516907267148,59
Diponegoro University,Business,0.52234987614872,1852
Diponegoro University,Chemistry,0.493356375112148,423
Diponegoro University,Economics,0.532164485848802,711
Diponegoro University,Education,0.452552384290022,60
Diponegoro University,Engineering,0.504684869226798,7102
Diponegoro University,Finance,0.545283196397096,127
Diponegoro University,Information Technology,0.722978458197601,48
Diponegoro University,Law,0.502858706428918,1642
Diponegoro University,Marketing,0.497314973942618,41
Diponegoro University,Mathematics,0.564768993175017,224
Diponegoro University,Medicine,0.478296061217106,130
Diponegoro University,Nursing,0.429590214324605,116
Diponegoro University,Physics,0.529381722066298,211
Diponegoro University,Statistics,0.591566625277048,268
Djuanda University,Accounting,0.516261725884078,22
Djuanda University,Business,0.507275367229472,31
Djuanda University,Economics,0.50311032917698,10
Djuanda University,Education,0.421284778473,18
Djuanda University,Engineering,0.400481181460185,11
Djuanda University,Law,0.511614258969471,11
Dr. Soetomo University,Accounting,0.563301176869474,14
Dr. Soetomo University,Business,0.512953624069874,79
Dr. Soetomo University,Economics,0.531343684105149,17
Dr. Soetomo University,Engineering,0.623526971372989,33
Dr. Soetomo University,Information Technology,0.610503043499977,31
Dr. Soetomo University,Law,0.527554319125397,18
Electronic Engineering Polytechnic Institute of Surabaya,Engineering,0.54460920578081,1119
Electronic Engineering Polytechnic Institute of Surabaya,Information Technology,0.696964898458576,149
Esa Unggul University,Accounting,0.545666816124079,290
Esa Unggul University,Business,0.529083250887489,418
Esa Unggul University,Economics,0.552707253155331,99
Esa Unggul University,Education,0.527063270423103,16
Esa Unggul University,Engineering,0.576702412993878,360
Esa Unggul University,Finance,0.558190614304242,34
Esa Unggul University,Information Technology,0.629525694392533,178
Esa Unggul University,Law,0.511668562531999,156
Esa Unggul University,Marketing,0.526548287074212,60
Esa Unggul University,Nursing,0.501579764597797,12
Faculty of Law at Indonesia University,Accounting,0.532567868317213,2831
Faculty of Law at Indonesia University,Architecture,0.496956768361374,904
Faculty of Law at Indonesia University,Biology,0.519816359559696,178
Faculty of Law at Indonesia University,Business,0.529549547206223,3947
Faculty of Law at Indonesia University,Chemistry,0.498468925756507,789
Faculty of Law at Indonesia University,Economics,0.542888510235727,1382
Faculty of Law at Indonesia University,Education,0.481073520568619,96
Faculty of Law at Indonesia University,Engineering,0.529580867683801,8398
Faculty of Law at Indonesia University,Finance,0.528686113921185,462
Faculty of Law at Indonesia University,Information Technology,0.622293190417454,87
Faculty of Law at Indonesia University,Law,0.497743350556107,2661
Faculty of Law at Indonesia University,Marketing,0.516210099880546,95
Faculty of Law at Indonesia University,Mathematics,0.597557506285314,488
Faculty of Law at Indonesia University,Medicine,0.496447345904853,268
Faculty of Law at Indonesia University,Nursing,0.435873221557626,368
Faculty of Law at Indonesia University,Physics,0.529349558194384,554
Faculty of Law at Indonesia University,Statistics,0.615131127576504,153
Fajar University,Business,0.494877846161599,15
Fajar University,Engineering,0.510108491998357,32
Fakultas Ekonomika dan Bisnis UGM,Accounting,0.551005707327516,70
Fakultas Ekonomika dan Bisnis UGM,Business,0.500467866729776,68
Fakultas Ekonomika dan Bisnis UGM,Economics,0.53131098005591,39
Fakultas Ekonomika dan Bisnis UGM,Finance,0.503292491150272,11
Fakultas Hukum Universitas Warmadewa,Law,0.552322348633411,24
Free University of Malang,Accounting,0.565818659843502,53
Free University of Malang,Architecture,0.471267614038786,21
Free University of Malang,Business,0.517729801548186,129
Free University of Malang,Economics,0.550899592560834,23
Free University of Malang,Engineering,0.470508105508141,134
Free University of Malang,Information Technology,0.530534037171951,52
Free University of Malang,Law,0.508493585093121,75
Free University of Surabaya,Law,0.48843052760947,16
GS Fame Institute of Business,Accounting,0.549917957506327,14
GS Fame Institute of Business,Business,0.512022399031931,50
Gajah Mada University,Accounting,0.533108764456904,968
Gajah Mada University,Architecture,0.492195001584715,413
Gajah Mada University,Biology,0.484646888878538,190
Gajah Mada University,Business,0.51128556947308,1742
Gajah Mada University,Chemistry,0.483660228530257,658
Gajah Mada University,Economics,0.545287442441516,737
Gajah Mada University,Education,0.425732241829524,44
Gajah Mada University,Engineering,0.512398699633051,8101
Gajah Mada University,Finance,0.5255359990749,135
Gajah Mada University,Information Technology,0.652400284010106,168
Gajah Mada University,Law,0.509296836648318,1311
Gajah Mada University,Marketing,0.502347094148174,39
Gajah Mada University,Mathematics,0.575798219335854,197
Gajah Mada University,Medicine,0.426095602442529,736
Gajah Mada University,Nursing,0.451723061538602,165
Gajah Mada University,Physics,0.523192833385097,229
Gajah Mada University,Statistics,0.599075080901283,237
Gajayana University Malang,Business,0.612096573818322,14
Gajayana University Malang,Economics,0.521162135476822,12
Gajayana University Malang,Engineering,0.512857707831811,13
Galuh University,Accounting,0.464492956634416,10
Galuh University,Business,0.543850030108445,37
Galuh University,Education,0.514100302441537,25
Galuh University,Engineering,0.459153898183736,20
Ganesha University of Education,Accounting,0.531364032453078,51
Ganesha University of Education,Business,0.500395194801877,40
Ganesha University of Education,Economics,0.482832783592205,10
Ganesha University of Education,Education,0.457765461655623,435
Ganesha University of Education,Engineering,0.608925244467041,19
Ganesha University of Education,Information Technology,0.611252864510488,19
Ganesha University of Education,Law,0.555685486408793,10
Garut Institute of Education,Education,0.472155512831705,25
Garut University,Accounting,0.528041597895175,37
Garut University,Business,0.49050020067319,44
Garut University,Economics,0.527782797889478,20
Garut University,Engineering,0.527828724041323,15
General Soedirman University,Accounting,0.547086102403936,490
General Soedirman University,Biology,0.489888505134172,99
General Soedirman University,Business,0.517845601876044,606
General Soedirman University,Chemistry,0.507451339483669,172
General Soedirman University,Economics,0.535399360738955,394
General Soedirman University,Education,0.456223007848655,50
General Soedirman University,Engineering,0.517812306553243,745
General Soedirman University,Finance,0.563459601058889,51
General Soedirman University,Information Technology,0.702403691462644,37
General Soedirman University,Law,0.515220881786977,632
General Soedirman University,Marketing,0.487502095456244,13
General Soedirman University,Mathematics,0.541146392290114,69
General Soedirman University,Medicine,0.515117453277271,47
General Soedirman University,Nursing,0.370143048920307,49
General Soedirman University,Physics,0.480092236530951,81
Gresik University,Engineering,0.417855906186251,15
Gunadarma University,Accounting,0.542332034842034,1857
Gunadarma University,Architecture,0.486493809575102,290
Gunadarma University,Business,0.561639894203209,1746
Gunadarma University,Economics,0.53532482457409,748
Gunadarma University,Engineering,0.588266521340119,5151
Gunadarma University,Finance,0.539926119104868,133
Gunadarma University,Information Technology,0.648489712617567,2499
Gunadarma University,Marketing,0.5137817700829,60
Halu Oleo University,Accounting,0.560290029360159,15
Halu Oleo University,Architecture,0.49316231418627,14
Halu Oleo University,Business,0.499601919452122,41
Halu Oleo University,Chemistry,0.432991249881818,22
Halu Oleo University,Education,0.489451095089425,44
Halu Oleo University,Engineering,0.509184913635724,87
Halu Oleo University,Law,0.493427140833532,16
Hang Tuah University,Architecture,0.425712377289861,11
Hang Tuah University,Business,0.515159181713887,32
Hang Tuah University,Engineering,0.470297431040198,119
Hang Tuah University,Law,0.529735997484178,28
Hang Tuah University,Medicine,0.409690188118159,24
Harapan Bangsa Institute of Technology,Accounting,0.565968961406405,36
Harapan Bangsa Institute of Technology,Business,0.541266047038795,88
Harapan Bangsa Institute of Technology,Engineering,0.598546706808914,211
Harapan Bangsa Institute of Technology,Information Technology,0.659637972916626,88
Harapan Medan University,Accounting,0.534655074690737,18
Harapan Medan University,Business,0.465464694067359,16
Harapan Medan University,Economics,0.578531019500102,12
Harapan Medan University,Engineering,0.495864253750189,50
Harapan Medan University,Information Technology,0.543248941946935,13
Hasanuddin University,Accounting,0.523771847069792,180
Hasanuddin University,Architecture,0.482011303945173,123
Hasanuddin University,Biology,0.481168443215203,15
Hasanuddin University,Business,0.507605942103348,285
Hasanuddin University,Chemistry,0.475008109423772,91
Hasanuddin University,Economics,0.525986021991403,124
Hasanuddin University,Education,0.483167905393291,12
Hasanuddin University,Engineering,0.481554112828013,1668
Hasanuddin University,Finance,0.533268014758732,26
Hasanuddin University,Information Technology,0.623449960912707,23
Hasanuddin University,Law,0.508643517655858,336
Hasanuddin University,Marketing,0.54685551939544,14
Hasanuddin University,Mathematics,0.495742261822762,46
Hasanuddin University,Medicine,0.434892792618165,57
Hasanuddin University,Nursing,0.417853767674612,39
Hasanuddin University,Physics,0.431446179790094,33
Hasanuddin University,Statistics,0.59298062690323,58
"IBMT School of Management, Surabaya",Business,0.523318357723281,17
INTI College Indonesia,Business,0.538314797199598,10
INTI College Indonesia,Information Technology,0.589695728564544,15
IPMI International Business School,Business,0.500131873026381,125
"IPWI College of Economics, Jakarta",Business,0.51099113916984,36
"IPWI College of Economics, Jakarta",Economics,0.548556204747089,10
IT&amp;B Institute,Accounting,0.519876165514465,19
IT&amp;B Institute,Business,0.513076111690517,204
IT&amp;B Institute,Information Technology,0.592020609441668,44
Ibn Chaldun University,Business,0.480348943452142,15
Ibn Chaldun University,Law,0.465722354302927,12
Ibn Khaldun University - Bogor,Accounting,0.513395469759066,42
Ibn Khaldun University - Bogor,Business,0.526769560163633,49
Ibn Khaldun University - Bogor,Economics,0.518761731244918,39
Ibn Khaldun University - Bogor,Education,0.455457769886747,69
Ibn Khaldun University - Bogor,Engineering,0.473282580681152,96
Ibn Khaldun University - Bogor,Information Technology,0.624846259951521,37
Ibn Khaldun University - Bogor,Law,0.545777750295881,17
Indo Global Mandiri University,Business,0.485183833996525,10
Indo Global Mandiri University,Engineering,0.51312644809453,25
Indonesia Banking School,Accounting,0.554306050740785,416
Indonesia Banking School,Business,0.5350321076623,367
Indonesia Banking School,Economics,0.557007812454447,73
Indonesia Banking School,Finance,0.553703818114201,58
Indonesia Banking School,Marketing,0.489155909572686,18
"Indonesia College of Economics, Surabaya",Accounting,0.535225962716907,64
"Indonesia College of Economics, Surabaya",Business,0.525865019389673,57
"Indonesia College of Economics, Surabaya",Economics,0.553375152697873,13
"Indonesia College of Economics, Surabaya",Finance,0.524998539305584,19
Indonesia College of Law,Law,0.513245493539184,16
Indonesia College of Technology,Engineering,0.537273543381638,31
Indonesia College of Technology,Information Technology,0.602496679222904,13
Indonesia Management and Business College,Accounting,0.513980788117197,29
Indonesia Management and Business College,Business,0.537239994139487,42
Indonesia School of Management,Business,0.50219351233345,29
Indonesia Technocrat University,Business,0.513509957385007,18
Indonesia Technocrat University,Education,0.468114143668606,11
Indonesia Technocrat University,Engineering,0.551994073933759,75
Indonesia Technocrat University,Information Technology,0.62846699607095,29
Indonesia University,Accounting,0.536820651394753,113
Indonesia University,Architecture,0.523131632394738,24
Indonesia University,Business,0.519999454142261,149
Indonesia University,Chemistry,0.482996536060473,37
Indonesia University,Economics,0.533889219528377,57
Indonesia University,Engineering,0.520902947798461,320
Indonesia University,Finance,0.519900925513192,13
Indonesia University,Law,0.486652017135429,98
Indonesia University,Mathematics,0.51082994743034,15
Indonesia University,Nursing,0.468552451151456,20
Indonesia University,Physics,0.562747978434104,20
Indonesia University of Education,Accounting,0.535082501043152,366
Indonesia University of Education,Architecture,0.477810458976171,121
Indonesia University of Education,Biology,0.543865706906276,16
Indonesia University of Education,Business,0.499506181252051,974
Indonesia University of Education,Chemistry,0.496908645129533,189
Indonesia University of Education,Economics,0.55339832568136,81
Indonesia University of Education,Education,0.462466924428813,3058
Indonesia University of Education,Engineering,0.532804319628259,1019
Indonesia University of Education,Finance,0.520033863665847,81
Indonesia University of Education,Marketing,0.491934345953641,34
Indonesia University of Education,Mathematics,0.533209292200154,119
Indonesia University of Education,Physics,0.539045608486509,72
Indonesia University of Education,Statistics,0.533827332109862,17
Indonesian Civil Aviation Institute (Sekolah Tinggi Penerbangan Indonesia),Engineering,0.388481481868236,92
"Indonesian College of Economics, Jakarta",Accounting,0.565538155466077,149
"Indonesian College of Economics, Jakarta",Business,0.518383511224975,90
"Indonesian College of Economics, Jakarta",Economics,0.497718944927578,23
"Indonesian College of Economics, Jakarta",Finance,0.516567661433946,25
"Indonesian College of Economics, Jakarta",Marketing,0.511657380863717,11
Indonesian Computer University,Accounting,0.544851181816512,203
Indonesian Computer University,Architecture,0.476831899658949,48
Indonesian Computer University,Business,0.574635722101798,421
Indonesian Computer University,Economics,0.526181317230153,58
Indonesian Computer University,Engineering,0.624669040385522,878
Indonesian Computer University,Finance,0.578355087988308,37
Indonesian Computer University,Information Technology,0.653452196232406,459
Indonesian Computer University,Law,0.508799761633144,27
Indonesian Computer University,Marketing,0.561684890919385,18
Indonesian Institute of Cooperative Management,Business,0.501240004394556,134
Indonesian Institute of Cooperative Management,Marketing,0.563803597294795,11
Indonesian Institute of Technology,Architecture,0.478663968277972,68
Indonesian Institute of Technology,Business,0.437867751157434,14
Indonesian Institute of Technology,Engineering,0.490324320990729,976
Indonesian Institute of Technology,Information Technology,0.64928142261411,80
Indonesian Pramita University,Accounting,0.562239535500936,15
Indonesian Pramita University,Business,0.501387988726078,23
Indonesian Pramita University,Economics,0.572930427845563,12
Indonesian University of Information Technology and Business,Accounting,0.565511615837571,15
Indonesian University of Information Technology and Business,Business,0.599760307903402,26
Indonesian University of Information Technology and Business,Engineering,0.652678876321635,17
Indonesian University of Information Technology and Business,Information Technology,0.593374806359104,14
Indraprasta PGRI University,Architecture,0.497609892524658,71
Indraprasta PGRI University,Business,0.54497349777759,35
Indraprasta PGRI University,Economics,0.497320301525131,99
Indraprasta PGRI University,Education,0.492085165096512,1724
Indraprasta PGRI University,Engineering,0.55095651914487,618
Indraprasta PGRI University,Information Technology,0.616217599340726,626
Indraprasta PGRI University,Mathematics,0.558066152460053,27
Informatics and Business Institute Darmajaya,Accounting,0.599681240393693,13
Informatics and Business Institute Darmajaya,Engineering,0.610433660520303,13
Institut Bisnis dan Informatika Indonesia,Accounting,0.541395652278847,443
Institut Bisnis dan Informatika Indonesia,Business,0.526022962414576,523
Institut Bisnis dan Informatika Indonesia,Economics,0.525857930912456,43
Institut Bisnis dan Informatika Indonesia,Engineering,0.60975438270724,22
Institut Bisnis dan Informatika Indonesia,Finance,0.503934282650525,65
Institut Bisnis dan Informatika Indonesia,Information Technology,0.639931977499594,36
Institut Bisnis dan Informatika Indonesia,Marketing,0.527069132573232,70
Institut Bisnis dan Teknologi Pelita Indonesia,Accounting,0.561372120117519,16
Institut Bisnis dan Teknologi Pelita Indonesia,Business,0.565909607147904,18
Institut Bisnis dan Teknologi Pelita Indonesia,Engineering,0.528485931456373,11
Institut Bisnis dan Teknologi Pelita Indonesia,Information Technology,0.662893112412205,11
Institut Manajemen Telkom,Accounting,0.539623193044425,41
Institut Manajemen Telkom,Business,0.53011249680524,325
Institut Manajemen Telkom,Marketing,0.513307378247968,22
Institut Sains Dan Teknologi Al Kamal,Engineering,0.482073427498149,108
Institut Sains Dan Teknologi Al Kamal,Information Technology,0.57898789065245,16
Institut Teknologi & Bisnis ASIA,Accounting,0.515822731514343,10
Institut Teknologi & Bisnis ASIA,Business,0.51451587985071,22
Institut Teknologi & Bisnis ASIA,Engineering,0.606899360712356,34
Institut Teknologi & Bisnis ASIA,Information Technology,0.669009394456146,29
Institut Teknologi Dirgantara Adisutjipto,Engineering,0.461793587227882,169
Institut Teknologi Garut,Engineering,0.555149765788462,28
Institut Teknologi Garut,Information Technology,0.658216020100492,11
Institut Teknologi Nasional Yogyakarta,Engineering,0.453164670065939,243
Institut Teknologi PLN,Engineering,0.498869691314919,1035
Institut Teknologi PLN,Information Technology,0.627956041448328,168
Institut Teknologi Telkom,Business,0.587757202278112,23
Institut Teknologi Telkom,Engineering,0.593404301096697,1762
Institut Teknologi Telkom,Information Technology,0.682846416617276,210
Institut Teknologi dan Bisnis  STIKOM Bali,Business,0.561088885823282,22
Institut Teknologi dan Bisnis  STIKOM Bali,Engineering,0.636202752866227,183
Institut Teknologi dan Bisnis  STIKOM Bali,Information Technology,0.638117560223227,76
Institut Teknologi dan Sains Mandala,Business,0.458340547087761,10
Institute for Business and Multimedia - ASMI,Business,0.532034783690122,111
Institute of Business Studies and Computer Science - Kosgoro 1957,Accounting,0.572669253720365,15
Institute of Business Studies and Computer Science - Kosgoro 1957,Business,0.47310389176652,35
Institute of Public Administration,Business,0.502357282866789,21
Institute of Science and Technology Pardede Medan,Architecture,0.493430422904083,48
Institute of Science and Technology Pardede Medan,Engineering,0.471472842999619,60
Institute of Social and Political Sciences of Jakarta,Business,0.555351253741271,191
Institute of Teacher Training and Educational Science,Education,0.383587603119691,14
International Tourism Management College,Business,0.441541887645147,24
International University Batam,Accounting,0.557176825589683,218
International University Batam,Business,0.531975418626653,358
International University Batam,Economics,0.517682799040081,21
International University Batam,Engineering,0.528530595467807,269
International University Batam,Finance,0.533598564155735,57
International University Batam,Information Technology,0.628405804011905,47
International University Batam,Law,0.50597263506943,170
International University Batam,Marketing,0.489410511420645,10
International University Liaison Indonesia,Business,0.488986210191325,36
International University Liaison Indonesia,Engineering,0.51511462669319,77
International Women University,Business,0.628836914658797,12
Islamic University of Balitar,Business,0.522867362096104,11
Islamic University of Bandung,Accounting,0.549712940524639,181
Islamic University of Bandung,Business,0.506037609433136,339
Islamic University of Bandung,Economics,0.543366124249024,110
Islamic University of Bandung,Education,0.425006185582851,18
Islamic University of Bandung,Engineering,0.478807925438653,399
Islamic University of Bandung,Finance,0.556997735325124,26
Islamic University of Bandung,Law,0.516700784055394,293
Islamic University of Bandung,Marketing,0.561904946585258,14
Islamic University of Bandung,Mathematics,0.561753620234164,35
Islamic University of Bandung,Medicine,0.529040083368526,26
Islamic University of Bandung,Statistics,0.593058356605038,95
Islamic University of Indonesia,Accounting,0.546782059416959,1117
Islamic University of Indonesia,Architecture,0.487657559908723,475
Islamic University of Indonesia,Business,0.519106291964533,829
Islamic University of Indonesia,Chemistry,0.491051620391341,156
Islamic University of Indonesia,Economics,0.528625963318578,487
Islamic University of Indonesia,Education,0.502493931000392,144
Islamic University of Indonesia,Engineering,0.503462181924622,2982
Islamic University of Indonesia,Finance,0.544017956407298,163
Islamic University of Indonesia,Information Technology,0.652926535676113,234
Islamic University of Indonesia,Law,0.508860540073116,771
Islamic University of Indonesia,Marketing,0.5378386353747,38
Islamic University of Indonesia,Medicine,0.512505175494572,54
Islamic University of Indonesia,Statistics,0.587337651006179,184
Islamic University of Jakarta,Business,0.543974580736655,45
Islamic University of Jakarta,Economics,0.531943012834753,33
Islamic University of Jakarta,Education,0.509781556354441,20
Islamic University of Jakarta,Engineering,0.494427095258356,14
Islamic University of Jakarta,Law,0.511085072439456,42
Islamic University of Kadiri,Business,0.491244440881362,37
Islamic University of Kadiri,Education,0.474110917389382,27
Islamic University of Kadiri,Engineering,0.337830456034207,14
Islamic University of Lamongan,Engineering,0.468790552575254,14
Islamic University of Makassar,Engineering,0.455763914674885,12
Islamic University of Malang,Accounting,0.519202987868112,28
Islamic University of Malang,Business,0.513261481081806,69
Islamic University of Malang,Education,0.473645589711867,80
Islamic University of Malang,Engineering,0.460886511112326,59
Islamic University of Malang,Law,0.490792490160876,24
Islamic University of North Sumatra,Accounting,0.5479789877392,28
Islamic University of North Sumatra,Business,0.484122544942015,37
Islamic University of North Sumatra,Economics,0.507022686723454,23
Islamic University of North Sumatra,Engineering,0.445973144025457,55
Islamic University of North Sumatra,Law,0.493100475751649,52
Islamic University of North Sumatra,Medicine,0.416085461285526,11
Islamic University of Nusantara,Business,0.446578666875706,13
Islamic University of Nusantara,Education,0.451758205888772,57
Islamic University of Nusantara,Law,0.531575010634332,18
Islamic University of Riau,Education,0.458982399720858,17
Islamic University of Riau,Engineering,0.416011425853408,68
Jakarta Global University,Engineering,0.398553691124408,34
Jakarta International College,Business,0.539561438427842,21
Jakarta University,Business,0.530813800091208,37
Jakarta University,Law,0.543920142008826,26
Jayabaya University,Accounting,0.531752503184976,81
Jayabaya University,Architecture,0.521517958929089,11
Jayabaya University,Business,0.517862775869034,105
Jayabaya University,Economics,0.517291205103448,52
Jayabaya University,Engineering,0.467705125204556,1015
Jayabaya University,Law,0.528164332034753,225
Jember University,Accounting,0.54198134955758,142
Jember University,Biology,0.503370365585338,20
Jember University,Business,0.523222603804027,389
Jember University,Chemistry,0.495156282129249,59
Jember University,Economics,0.53428790153115,145
Jember University,Education,0.469118815807208,296
Jember University,Engineering,0.484127386951468,763
Jember University,Finance,0.528067687910011,24
Jember University,Information Technology,0.679070385586618,23
Jember University,Law,0.502933384758776,259
Jember University,Marketing,0.536163601724376,15
Jember University,Mathematics,0.533036739145202,44
Jember University,Medicine,0.468778969488302,39
Jember University,Nursing,0.427952217589256,38
Jember University,Physics,0.478307675584179,36
Jenderal Achmad Yani University,Accounting,0.546189220378766,170
Jenderal Achmad Yani University,Business,0.531609629470957,203
Jenderal Achmad Yani University,Chemistry,0.490402883190802,162
Jenderal Achmad Yani University,Economics,0.526393836309969,44
Jenderal Achmad Yani University,Engineering,0.459788146050402,1448
Jenderal Achmad Yani University,Information Technology,0.696673344305348,28
Jenderal Achmad Yani University,Marketing,0.522254175464503,15
Jenderal Achmad Yani University,Medicine,0.464155403458701,33
Jenderal Achmad Yani University,Nursing,0.393407225865398,16
KALBIS Institute,Accounting,0.558900811920761,132
KALBIS Institute,Business,0.54522037187375,236
KALBIS Institute,Economics,0.537041696156176,17
KALBIS Institute,Engineering,0.697775688293256,78
KALBIS Institute,Finance,0.536610882225521,24
KALBIS Institute,Information Technology,0.708427343980544,66
KALBIS Institute,Marketing,0.486785332979028,10
Kalimantan Institute of Technology,Architecture,0.444057890746756,13
Kalimantan Institute of Technology,Business,0.586475665960806,15
Kalimantan Institute of Technology,Engineering,0.443585486269417,426
Kalimantan Institute of Technology,Mathematics,0.47542907091449,20
Kalimantan Institute of Technology,Physics,0.480647817136267,12
Kanjuruhan University,Business,0.513291963177481,19
Kanjuruhan University,Education,0.434118258326372,64
Kanjuruhan University,Engineering,0.543328334397988,12
Kanjuruhan University,Information Technology,0.617277483909312,23
Kasih Bangsa College of Economics,Accounting,0.532283751272574,28
Kasih Bangsa College of Economics,Business,0.563228010955833,18
Kebangsaan University,Architecture,0.498650056322198,14
Kebangsaan University,Engineering,0.481645561559134,15
Kediri Nusantara PGRI University,Business,0.48550287804031,19
Kediri Nusantara PGRI University,Education,0.455945007002543,33
Kediri Nusantara PGRI University,Engineering,0.490153911773108,20
Kediri Nusantara PGRI University,Information Technology,0.6927249772445,17
Kediri University,Business,0.516710651607845,19
Kediri University,Engineering,0.461207710364549,22
"Kesatuan College of Economics, Bogor",Accounting,0.56203096202042,283
"Kesatuan College of Economics, Bogor",Business,0.542705587505981,247
"Kesatuan College of Economics, Bogor",Economics,0.535945332186305,22
"Kesatuan College of Economics, Bogor",Finance,0.550433123705295,38
"Kesuma Negara College of Economics, Blitar",Accounting,0.547539400940946,52
"Kesuma Negara College of Economics, Blitar",Business,0.527466930529165,67
"Kesuma Negara College of Economics, Blitar",Economics,0.539644528514562,22
Khairun University,Education,0.434062663173199,15
Khairun University,Engineering,0.376962647397187,11
Klabat University,Accounting,0.540669662079575,238
Klabat University,Business,0.543320508320574,132
Klabat University,Economics,0.563269194668011,42
Klabat University,Education,0.470806245885967,47
Klabat University,Engineering,0.619263804033942,84
Klabat University,Finance,0.551541129500991,138
Klabat University,Information Technology,0.580366615466108,44
Klabat University,Nursing,0.439222474019484,32
Konsul Bisnis,Accounting,0.524919301831158,77
Konsul Bisnis,Architecture,0.486965951390072,32
Konsul Bisnis,Business,0.539376238861096,59
Konsul Bisnis,Economics,0.580180429892759,26
Konsul Bisnis,Education,0.480137281876086,86
Konsul Bisnis,Engineering,0.472243404663786,288
Konsul Bisnis,Information Technology,0.587806249721911,18
Konsul Bisnis,Law,0.535966772526149,39
Krida Wacana Christian University,Accounting,0.51610653169548,10
Krisnadwipayana University,Accounting,0.569508995315827,72
Krisnadwipayana University,Architecture,0.476945248137523,20
Krisnadwipayana University,Business,0.521661389626314,277
Krisnadwipayana University,Economics,0.546359971786402,103
Krisnadwipayana University,Engineering,0.484771451499199,248
Krisnadwipayana University,Finance,0.548343704040894,24
Krisnadwipayana University,Information Technology,0.58080695851016,52
Krisnadwipayana University,Law,0.515856240911391,210
Krisnadwipayana University,Marketing,0.516752280573542,19
Kuningan University,Accounting,0.53760673675042,36
Kuningan University,Business,0.540361082821528,32
Kuningan University,Education,0.486843372665882,39
Kuningan University,Engineering,0.686350253162495,37
Kuningan University,Information Technology,0.615211921486367,12
Kwik Kian Gie School of Business,Accounting,0.526718205422639,241
Kwik Kian Gie School of Business,Business,0.522424632090496,234
Kwik Kian Gie School of Business,Economics,0.54032212765834,52
Kwik Kian Gie School of Business,Engineering,0.692383085219893,10
Kwik Kian Gie School of Business,Finance,0.514025016607863,42
Kwik Kian Gie School of Business,Information Technology,0.606407069970516,24
Kwik Kian Gie School of Business,Marketing,0.485284779154754,47
LAN Makassar College of Administrative Sciences,Business,0.488626959963573,10
LPI College of Management,Business,0.536442650676703,32
LaSalle College - Jakarta,Business,0.463359171782957,31
Labora College of Management,Business,0.486825789861011,30
Lampung University,Accounting,0.535028554595204,301
Lampung University,Architecture,0.483584601595659,26
Lampung University,Biology,0.50355398466147,22
Lampung University,Business,0.515214093940462,516
Lampung University,Chemistry,0.462192994189993,140
Lampung University,Economics,0.530098108253128,190
Lampung University,Education,0.463074124352142,371
Lampung University,Engineering,0.503969823577043,1122
Lampung University,Finance,0.507903421450839,32
Lampung University,Law,0.515856016142906,434
Lampung University,Marketing,0.536595249958167,19
Lampung University,Mathematics,0.576387861615595,102
Lampung University,Medicine,0.550710109082445,24
Lampung University,Physics,0.538040286076307,45
Lampung University,Statistics,0.558453335527321,34
Lancang Kuning University,Accounting,0.523078090972444,13
Lancang Kuning University,Architecture,0.475682360920003,19
Lancang Kuning University,Business,0.464828726457942,26
Lancang Kuning University,Education,0.470457252627428,20
Lancang Kuning University,Engineering,0.483226021545406,67
Lancang Kuning University,Information Technology,0.57711106638305,12
Lancang Kuning University,Law,0.48303509677127,28
Langlangbuana University,Accounting,0.534934719609453,56
Langlangbuana University,Architecture,0.492433087693483,26
Langlangbuana University,Business,0.534455963119605,97
Langlangbuana University,Economics,0.515961629261913,23
Langlangbuana University,Education,0.549729612151751,19
Langlangbuana University,Engineering,0.511524935095884,130
Langlangbuana University,Information Technology,0.720408243092917,37
Langlangbuana University,Law,0.480694384328361,46
Lhokseumawe State Islamic Institute,Engineering,0.447055396610259,103
Lhokseumawe State Islamic Institute,Information Technology,0.599344200654882,31
London School of Public Relations (Jakarta),Business,0.530502700326623,714
London School of Public Relations (Jakarta),Marketing,0.519610980410602,787
"London School of Public Relations, Jakarta",Business,0.53247434803511,15
"London School of Public Relations, Jakarta",Marketing,0.560447846128198,31
MDP Business School,Accounting,0.567066549371672,30
MDP Business School,Business,0.560837602748719,46
MDP Business School,Economics,0.566081392725514,10
MDP Business School,Engineering,0.55869466459215,68
MDP Business School,Information Technology,0.553703884259326,82
Ma Chung University,Accounting,0.521793956082344,67
Ma Chung University,Business,0.505018279097298,160
Ma Chung University,Chemistry,0.452495024320754,13
Ma Chung University,Economics,0.515713313853282,16
Ma Chung University,Engineering,0.570291757537609,126
Ma Chung University,Finance,0.511269072010565,39
Ma Chung University,Information Technology,0.63253954023748,54
Ma Chung University,Marketing,0.517272208823365,12
"Madani College of Economics, Balikpapan",Accounting,0.583596079827115,21
Mahardhika College of Economics,Accounting,0.513702426480107,18
Mahardhika College of Economics,Business,0.495510725260097,44
Mahardhika College of Economics,Economics,0.50729594260602,11
Mahasaraswati Denpasar University,Accounting,0.535791327616911,81
Mahasaraswati Denpasar University,Business,0.499813050835207,104
Mahasaraswati Denpasar University,Economics,0.553137403309498,37
Mahasaraswati Denpasar University,Education,0.467775858613463,152
Mahasaraswati Denpasar University,Engineering,0.52714106039064,13
Mahasaraswati Denpasar University,Finance,0.573725552152791,14
Mahasaraswati Denpasar University,Law,0.510156200283903,26
Majalengka University,Accounting,0.466047882417563,13
Majalengka University,Business,0.526726942953803,20
Majalengka University,Education,0.456181409800868,18
Majalengka University,Engineering,0.599879447258416,18
Malahayati University,Engineering,0.468477943775865,29
Malahayati University,Medicine,0.337588305245563,16
Malang National Institute of Technology,Architecture,0.481384333237683,78
Malang National Institute of Technology,Engineering,0.461294098280958,865
Malang National Institute of Technology,Information Technology,0.593297044152808,54
Malangkucecwara College of Economics,Accounting,0.555864613017637,19
Malikussaleh University,Accounting,0.490981956676995,12
Malikussaleh University,Architecture,0.471801671025622,23
Malikussaleh University,Business,0.548941110298869,32
Malikussaleh University,Economics,0.52146180551468,18
Malikussaleh University,Engineering,0.471623330916457,222
Malikussaleh University,Law,0.50113722505947,14
Maranatha Christian University,Accounting,0.543129630672751,728
Maranatha Christian University,Architecture,0.508654008864412,21
Maranatha Christian University,Business,0.514270030598076,693
Maranatha Christian University,Economics,0.514755153956542,238
Maranatha Christian University,Engineering,0.529631637950136,1175
Maranatha Christian University,Finance,0.534244886885199,93
Maranatha Christian University,Information Technology,0.658571507026919,453
Maranatha Christian University,Law,0.518653147976127,81
Maranatha Christian University,Marketing,0.529890225004595,34
Maranatha Christian University,Medicine,0.40069719695333,54
Matana University,Accounting,0.546635665042223,37
Matana University,Business,0.506195266741563,46
Matana University,Information Technology,0.62619145536256,24
Matana University,Marketing,0.524203144698587,13
Matana University,Physics,0.457749173141018,12
Mataram University,Accounting,0.538409215346336,79
Mataram University,Biology,0.473176935608626,11
Mataram University,Business,0.524699544245349,116
Mataram University,Chemistry,0.443244784494097,31
Mataram University,Economics,0.537391224669082,49
Mataram University,Education,0.478414759243043,237
Mataram University,Engineering,0.504543954662757,259
Mataram University,Information Technology,0.586460844904987,13
Mataram University,Law,0.509361837413043,79
Mataram University,Marketing,0.492604694878515,10
Mataram University,Mathematics,0.499699587965018,14
Mataram University,Medicine,0.512589050752025,14
Mataram University,Physics,0.54212485351236,15
Maulana Malik Ibrahim State Islamic University Malang,Accounting,0.536773956991589,50
Maulana Malik Ibrahim State Islamic University Malang,Architecture,0.477700951319788,60
Maulana Malik Ibrahim State Islamic University Malang,Biology,0.500944563440759,10
Maulana Malik Ibrahim State Islamic University Malang,Business,0.50513872252093,114
Maulana Malik Ibrahim State Islamic University Malang,Chemistry,0.478104767832696,74
Maulana Malik Ibrahim State Islamic University Malang,Economics,0.553435815196673,19
Maulana Malik Ibrahim State Islamic University Malang,Education,0.475804325732761,69
Maulana Malik Ibrahim State Islamic University Malang,Engineering,0.613327967190457,104
Maulana Malik Ibrahim State Islamic University Malang,Information Technology,0.654620924467962,36
Maulana Malik Ibrahim State Islamic University Malang,Law,0.504340438179536,91
Maulana Malik Ibrahim State Islamic University Malang,Mathematics,0.519310038529912,38
Maulana Malik Ibrahim State Islamic University Malang,Physics,0.457720198940225,23
Mayjen Sungkono University,Business,0.506806377923724,16
Mayjen Sungkono University,Education,0.549308405862677,10
Medan Area University,Accounting,0.5147943597495,42
Medan Area University,Business,0.463345116117163,32
Medan Area University,Economics,0.480058391397862,15
Medan Area University,Engineering,0.457774570009083,71
Medan Area University,Law,0.527203574110171,24
Medan Institute of Technology,Architecture,0.484185023015944,21
Medan Institute of Technology,Engineering,0.402683325903668,300
Mercu Buana University,Accounting,0.553871067382224,1166
Mercu Buana University,Architecture,0.490197879411213,231
Mercu Buana University,Business,0.540389604283942,1681
Mercu Buana University,Economics,0.540924258008937,479
Mercu Buana University,Engineering,0.506272407727566,3635
Mercu Buana University,Finance,0.534460903304603,166
Mercu Buana University,Information Technology,0.642775387141565,572
Mercu Buana University,Marketing,0.536437880331126,549
Mercu Buana University of Yogyakarta,Accounting,0.562837719494952,70
Mercu Buana University of Yogyakarta,Business,0.512557416916379,94
Mercu Buana University of Yogyakarta,Education,0.67807431059568,26
Mercu Buana University of Yogyakarta,Engineering,0.630888151672869,18
Mercu Buana University of Yogyakarta,Information Technology,0.704244710059129,29
Methodist University of Indonesia,Accounting,0.548194704914095,138
Methodist University of Indonesia,Business,0.483157502578542,62
Methodist University of Indonesia,Economics,0.515767540401806,51
Methodist University of Indonesia,Engineering,0.571598437441992,30
Methodist University of Indonesia,Finance,0.537482308382682,16
Methodist University of Indonesia,Information Technology,0.619685710314027,26
Metro State Islamic Institute,Education,0.459420630639168,12
Mikroskill College of Economics,Accounting,0.56199408402208,128
Mikroskill College of Economics,Business,0.550619856070708,156
Mikroskill College of Economics,Economics,0.5701154600965,14
Mikroskill College of Economics,Engineering,0.578122413182749,274
Mikroskill College of Economics,Finance,0.540873153958961,22
Mikroskill College of Economics,Information Technology,0.610828091261361,215
Muhammad Arsyad Al Banjari Kalimantan Islamic University,Business,0.469841446289839,20
Muhammad Arsyad Al Banjari Kalimantan Islamic University,Economics,0.437447560782773,10
Muhammad Arsyad Al Banjari Kalimantan Islamic University,Education,0.499273544672432,25
Muhammad Arsyad Al Banjari Kalimantan Islamic University,Engineering,0.436888692527242,58
Muhammad Arsyad Al Banjari Kalimantan Islamic University,Information Technology,0.583688197941546,48
Muhammadiyah Prof. Dr. Hamka University,Accounting,0.55078642224014,185
Muhammadiyah Prof. Dr. Hamka University,Business,0.543472140437728,188
Muhammadiyah Prof. Dr. Hamka University,Economics,0.549963487599528,66
Muhammadiyah Prof. Dr. Hamka University,Education,0.435694122426125,571
Muhammadiyah Prof. Dr. Hamka University,Engineering,0.57709785579652,122
Muhammadiyah Prof. Dr. Hamka University,Finance,0.52352257190397,13
Muhammadiyah Prof. Dr. Hamka University,Information Technology,0.580155778021914,57
Muhammadiyah Prof. Dr. Hamka University,Marketing,0.64604198149933,10
Muhammadiyah University of Aceh,Accounting,0.455453731389146,17
Muhammadiyah University of Bengkulu,Education,0.493515394566085,31
Muhammadiyah University of Cirebon,Business,0.486031725949784,14
Muhammadiyah University of Cirebon,Education,0.450845829767168,26
Muhammadiyah University of Cirebon,Engineering,0.477609839649122,26
Muhammadiyah University of Gresik,Accounting,0.565270901006435,21
Muhammadiyah University of Gresik,Business,0.493409505980204,23
Muhammadiyah University of Gresik,Education,0.427857293265004,18
Muhammadiyah University of Gresik,Engineering,0.470064007101988,75
Muhammadiyah University of Gresik,Information Technology,0.69154262667562,13
Muhammadiyah University of Jakarta,Accounting,0.537405358340375,226
Muhammadiyah University of Jakarta,Architecture,0.481610097894487,78
Muhammadiyah University of Jakarta,Business,0.541126225778953,353
Muhammadiyah University of Jakarta,Economics,0.540519925186913,96
Muhammadiyah University of Jakarta,Education,0.451847057881454,129
Muhammadiyah University of Jakarta,Engineering,0.485050746859151,785
Muhammadiyah University of Jakarta,Finance,0.560632617715281,52
Muhammadiyah University of Jakarta,Information Technology,0.635013569624708,98
Muhammadiyah University of Jakarta,Law,0.538682348818531,104
Muhammadiyah University of Jakarta,Marketing,0.428171073216089,13
Muhammadiyah University of Jakarta,Medicine,0.438033586166049,27
Muhammadiyah University of Jakarta,Nursing,0.436426296424022,27
Muhammadiyah University of Jember,Accounting,0.515274320946527,13
Muhammadiyah University of Jember,Business,0.553666766208564,15
Muhammadiyah University of Jember,Education,0.444039786311222,18
Muhammadiyah University of Jember,Engineering,0.556585915407753,34
Muhammadiyah University of Jember,Information Technology,0.594158753619476,13
Muhammadiyah University of Magelang,Accounting,0.52574324488347,35
Muhammadiyah University of Magelang,Business,0.565164469088472,27
Muhammadiyah University of Magelang,Economics,0.518472802035304,10
Muhammadiyah University of Magelang,Engineering,0.629095859346774,34
Muhammadiyah University of Magelang,Law,0.48907728151805,15
Muhammadiyah University of Makassar,Accounting,0.565336668951485,12
Muhammadiyah University of Makassar,Business,0.45790029645268,21
Muhammadiyah University of Makassar,Education,0.456421693443555,86
Muhammadiyah University of Makassar,Engineering,0.432744541570067,23
Muhammadiyah University of Malang,Accounting,0.532088236243297,215
Muhammadiyah University of Malang,Business,0.513808582177518,252
Muhammadiyah University of Malang,Economics,0.499834559206632,103
Muhammadiyah University of Malang,Education,0.510184578312577,310
Muhammadiyah University of Malang,Engineering,0.493223291361586,813
Muhammadiyah University of Malang,Finance,0.518637927742259,21
Muhammadiyah University of Malang,Information Technology,0.616997315658542,113
Muhammadiyah University of Malang,Law,0.51803126084677,129
Muhammadiyah University of Malang,Marketing,0.509935159193033,18
Muhammadiyah University of Malang,Medicine,0.503755110227305,21
Muhammadiyah University of Malang,Nursing,0.443056732635235,24
Muhammadiyah University of Metro,Education,0.521177749993269,27
Muhammadiyah University of Metro,Engineering,0.373864472833585,10
Muhammadiyah University of North Sumatra,Accounting,0.504634408137409,102
Muhammadiyah University of North Sumatra,Business,0.539199231351185,146
Muhammadiyah University of North Sumatra,Economics,0.5058335689673,73
Muhammadiyah University of North Sumatra,Education,0.484348653051243,91
Muhammadiyah University of North Sumatra,Engineering,0.432921087906709,119
Muhammadiyah University of North Sumatra,Finance,0.52234455416081,23
Muhammadiyah University of North Sumatra,Law,0.49545572886423,74
Muhammadiyah University of Ponorogo,Education,0.536923235480291,13
Muhammadiyah University of Ponorogo,Engineering,0.490155152446462,31
Muhammadiyah University of Pontianak,Business,0.517539996830747,14
Muhammadiyah University of Pontianak,Engineering,0.418986987821225,17
Muhammadiyah University of Purwokerto,Accounting,0.533576035229716,54
Muhammadiyah University of Purwokerto,Business,0.520891051599439,47
Muhammadiyah University of Purwokerto,Education,0.469413158239241,93
Muhammadiyah University of Purwokerto,Engineering,0.562278858614022,74
Muhammadiyah University of Purwokerto,Information Technology,0.602371702736351,14
Muhammadiyah University of Purwokerto,Law,0.570611786281989,20
Muhammadiyah University of Purwokerto,Nursing,0.423532474300537,10
Muhammadiyah University of Purworejo,Business,0.545208992837075,16
Muhammadiyah University of Purworejo,Education,0.476007921029942,74
Muhammadiyah University of Riau,Accounting,0.521946133831459,22
Muhammadiyah University of Riau,Chemistry,0.54988330457545,11
Muhammadiyah University of Riau,Engineering,0.459303342726215,66
Muhammadiyah University of Semarang,Education,0.438947090230522,12
Muhammadiyah University of Semarang,Engineering,0.391994310769814,33
Muhammadiyah University of Semarang,Statistics,0.651110851459036,32
Muhammadiyah University of Sidoarjo,Accounting,0.560897657431435,22
Muhammadiyah University of Sidoarjo,Business,0.50615513590552,55
Muhammadiyah University of Sidoarjo,Education,0.519805736995634,27
Muhammadiyah University of Sidoarjo,Engineering,0.453004544746581,88
Muhammadiyah University of Sidoarjo,Information Technology,0.55514934900027,24
Muhammadiyah University of Sukabumi,Accounting,0.577175683837803,30
Muhammadiyah University of Sukabumi,Business,0.470074733005263,49
Muhammadiyah University of Sukabumi,Chemistry,0.466346995239361,11
Muhammadiyah University of Sukabumi,Education,0.407659806050047,12
Muhammadiyah University of Sukabumi,Engineering,0.585969029116144,33
Muhammadiyah University of Sukabumi,Information Technology,0.579854524301447,23
Muhammadiyah University of Surabaya,Accounting,0.524261338657569,23
Muhammadiyah University of Surabaya,Business,0.532316606586799,14
Muhammadiyah University of Surabaya,Education,0.46832932200609,35
Muhammadiyah University of Surabaya,Engineering,0.407735631065469,57
Muhammadiyah University of Surakarta,Accounting,0.530285926312948,113
Muhammadiyah University of Surakarta,Architecture,0.493191241079397,56
Muhammadiyah University of Surakarta,Business,0.485368346913636,112
Muhammadiyah University of Surakarta,Economics,0.546945396104596,40
Muhammadiyah University of Surakarta,Education,0.473789317192705,196
Muhammadiyah University of Surakarta,Engineering,0.492093243983512,500
Muhammadiyah University of Surakarta,Information Technology,0.639765121417316,41
Muhammadiyah University of Surakarta,Law,0.540030529727212,60
Muhammadiyah University of Tangerang,Accounting,0.533298073813702,119
Muhammadiyah University of Tangerang,Business,0.492382255996123,190
Muhammadiyah University of Tangerang,Economics,0.509814325198515,66
Muhammadiyah University of Tangerang,Education,0.457440929281003,150
Muhammadiyah University of Tangerang,Engineering,0.433553788153225,182
Muhammadiyah University of Tangerang,Finance,0.540009690121952,24
Muhammadiyah University of Tangerang,Information Technology,0.582164571261033,39
Muhammadiyah University of Tangerang,Law,0.524581965134881,29
Muhammadiyah University of Tangerang,Marketing,0.456845983511185,12
Muhammadiyah University of West Sumatra,Engineering,0.527880373791426,13
Muhammadiyah University of West Sumatra,Law,0.560764505543237,15
Muhammadiyah University of Yogyakarta,Accounting,0.529336059377447,334
Muhammadiyah University of Yogyakarta,Business,0.524151344487513,338
Muhammadiyah University of Yogyakarta,Economics,0.528613601059229,283
Muhammadiyah University of Yogyakarta,Education,0.499387982794239,241
Muhammadiyah University of Yogyakarta,Engineering,0.466721149595396,717
Muhammadiyah University of Yogyakarta,Finance,0.507634757423975,64
Muhammadiyah University of Yogyakarta,Information Technology,0.669468669666669,54
Muhammadiyah University of Yogyakarta,Law,0.515940470467033,228
Muhammadiyah University of Yogyakarta,Marketing,0.486445249599005,24
Muhammadiyah University of Yogyakarta,Medicine,0.438957608810398,44
Muhammadiyah University of Yogyakarta,Nursing,0.441364719291044,48
Mulawarman University,Accounting,0.541572992314573,121
Mulawarman University,Biology,0.446913772259471,10
Mulawarman University,Business,0.510411063018737,207
Mulawarman University,Chemistry,0.430462459751475,66
Mulawarman University,Economics,0.498557651226919,67
Mulawarman University,Education,0.445620176374621,174
Mulawarman University,Engineering,0.498990446228165,381
Mulawarman University,Finance,0.497424276160669,18
Mulawarman University,Information Technology,0.624096218245312,35
Mulawarman University,Law,0.518017486243397,58
Mulawarman University,Medicine,0.555699823695819,14
Mulawarman University,Physics,0.391686729141856,16
Mulawarman University,Statistics,0.525971661482467,49
Muria Kudus University,Accounting,0.55766217122757,11
Muria Kudus University,Business,0.55344579373541,22
Muria Kudus University,Education,0.46502127936409,49
Muria Kudus University,Engineering,0.463435264290667,50
Muria Kudus University,Information Technology,0.722816218990551,15
Musi Charitas Catholic University,Accounting,0.535401885114792,73
Musi Charitas Catholic University,Business,0.550521556151459,33
Musi Charitas Catholic University,Engineering,0.494611517362649,32
Muslim University of Indonesia,Accounting,0.547606292032113,69
Muslim University of Indonesia,Architecture,0.511107994891719,16
Muslim University of Indonesia,Business,0.480347852330012,60
Muslim University of Indonesia,Economics,0.505500884710106,29
Muslim University of Indonesia,Engineering,0.465449965174629,335
Muslim University of Indonesia,Law,0.504239847832475,107
Nahdlatul Ulama Islamic University of Jepara,Business,0.573242962908046,13
Narotama University,Accounting,0.519651720760315,19
Narotama University,Business,0.498008173905772,62
Narotama University,Economics,0.510321411596642,12
Narotama University,Engineering,0.553526149607925,108
Narotama University,Information Technology,0.576485409599456,15
Narotama University,Law,0.497984312029764,28
"National College of Technology, Yogyakarta",Engineering,0.436226470538944,46
National Cyber and Crypto Polytechnic,Engineering,0.613638319795601,43
National Institute of Science and Technology,Architecture,0.469290567983626,45
National Institute of Science and Technology,Engineering,0.517962910428723,872
National Institute of Science and Technology,Information Technology,0.564219398924209,29
National Institute of Science and Technology,Mathematics,0.511640714773112,11
National University,Accounting,0.563920757461035,170
National University,Biology,0.46392995181129,41
National University,Business,0.522623162346835,356
National University,Economics,0.535917279884545,122
National University,Engineering,0.517441081608067,282
National University,Finance,0.537068603541642,18
National University,Information Technology,0.614205376728206,143
National University,Law,0.504610203460714,187
National University,Marketing,0.573938790272262,17
National University,Mathematics,0.645871498106478,13
National University,Nursing,0.426689132453893,19
National University,Physics,0.460681784791892,14
National University of Education,Accounting,0.546169073755752,114
National University of Education,Business,0.518061737006005,129
National University of Education,Economics,0.503702051906711,41
National University of Education,Engineering,0.484952780887016,16
National University of Education,Finance,0.536918670750218,34
National University of Education,Law,0.467550384038275,41
National Veteran Development University of East Java,Accounting,0.538637107704511,208
National Veteran Development University of East Java,Architecture,0.492051185908743,88
National Veteran Development University of East Java,Business,0.514428160416632,377
National Veteran Development University of East Java,Economics,0.5076521870906,98
National Veteran Development University of East Java,Engineering,0.488103841304218,864
National Veteran Development University of East Java,Finance,0.502041290547433,27
National Veteran Development University of East Java,Information Technology,0.619272761897414,93
National Veteran Development University of East Java,Law,0.503656414954186,96
National Veteran Development University of East Java,Marketing,0.507324308705231,15
Nurtanio University of Bandung,Accounting,0.522157573615939,21
Nurtanio University of Bandung,Business,0.514874545260718,45
Nurtanio University of Bandung,Engineering,0.40223504614145,131
Nurtanio University of Bandung,Information Technology,0.60311578402228,25
Nusa Putra University,Engineering,0.558337520003719,34
Nusantara Al-Washliyah Muslim University,Education,0.477381091132118,20
Nusantara Business Institute,Accounting,0.560037012217467,87
Nusantara Business Institute,Business,0.534343516130688,106
Nusantara Business Institute,Economics,0.542233173317956,33
Nusantara Business Institute,Finance,0.571276979694783,15
Nusantara Business Institute,Marketing,0.525587387517539,53
Nusantara University of Technology,Engineering,0.448766039701808,10
Open University,Accounting,0.536980944418488,466
Open University,Business,0.501503444997033,948
Open University,Economics,0.521275994582426,165
Open University,Education,0.396705440335065,398
Open University,Engineering,0.428522249822974,20
Open University,Finance,0.552372144389782,42
Open University,Law,0.512088208714417,151
Open University,Marketing,0.540394989802489,15
Open University,Mathematics,0.51279660436438,26
Open University,Statistics,0.508666258502274,17
PEM Akamigas,Business,0.520895475015876,22
PEM Akamigas,Engineering,0.442145854038399,209
PGRI Sukabumi College of Economics,Accounting,0.569759443301526,22
PGRI Sukabumi College of Economics,Business,0.487233106167359,17
PGRI University of Madiun,Accounting,0.525235045538261,15
PGRI University of Madiun,Business,0.521800338703349,12
PGRI University of Madiun,Education,0.420492815792711,37
PGRI University of Madiun,Engineering,0.427428481623333,10
PGRI University of Palembang,Education,0.412995341937712,53
PGRI University of Palembang,Engineering,0.28813962319915,10
PGRI University of Semarang,Education,0.492344654946295,218
PGRI University of Semarang,Engineering,0.455392275327122,25
PPM School of Management,Accounting,0.536350414107342,51
PPM School of Management,Business,0.536587827681936,206
PPM School of Management,Marketing,0.554995671172962,15
Padang Institute of Technology,Engineering,0.465048132786715,138
Padjadjaran University,Accounting,0.538600736489161,1187
Padjadjaran University,Biology,0.482558107827556,106
Padjadjaran University,Business,0.524839552371441,3286
Padjadjaran University,Chemistry,0.498968913740067,549
Padjadjaran University,Economics,0.535478489213022,1187
Padjadjaran University,Education,0.480405064118265,90
Padjadjaran University,Engineering,0.522838060588585,1401
Padjadjaran University,Finance,0.543972949696512,174
Padjadjaran University,Information Technology,0.716327552632044,31
Padjadjaran University,Law,0.503572666171871,2110
Padjadjaran University,Marketing,0.518813012075728,109
Padjadjaran University,Mathematics,0.562224032506488,342
Padjadjaran University,Medicine,0.501420877200425,258
Padjadjaran University,Nursing,0.440816718349291,235
Padjadjaran University,Physics,0.527180034497778,318
Padjadjaran University,Statistics,0.586852248346188,477
Pakuan University,Accounting,0.546203144801398,262
Pakuan University,Business,0.537690721337298,249
Pakuan University,Chemistry,0.496214851519959,174
Pakuan University,Economics,0.560447990088681,98
Pakuan University,Education,0.459508627178589,194
Pakuan University,Engineering,0.578408094004539,427
Pakuan University,Finance,0.528286320478272,39
Pakuan University,Information Technology,0.725023619593021,20
Pakuan University,Law,0.507886293495428,205
Pakuan University,Marketing,0.529706292542223,19
Pakuan University,Mathematics,0.4978322083058,16
Palangka Raya University,Accounting,0.565781192431636,10
Palangka Raya University,Business,0.431550110873606,10
Palangka Raya University,Economics,0.476385343442132,13
Palangka Raya University,Education,0.478919276941973,27
Palangka Raya University,Engineering,0.5007588849428,32
Pamulang University,Engineering,0.539823020601138,11
Panca Marga University,Business,0.495678046351722,12
Panca Marga University,Engineering,0.405489134817731,12
Pancasakti University of Tegal,Accounting,0.495713923370747,21
Pancasakti University of Tegal,Business,0.52451729375399,25
Pancasakti University of Tegal,Education,0.508692356712728,55
Pancasakti University of Tegal,Engineering,0.529656937619519,28
Pancasakti University of Tegal,Law,0.522975349368149,17
Pancasila University,Accounting,0.546287000483631,721
Pancasila University,Architecture,0.498326864757363,147
Pancasila University,Business,0.533367977589799,627
Pancasila University,Economics,0.542238850869744,266
Pancasila University,Engineering,0.492919232320541,1512
Pancasila University,Finance,0.543964202607772,93
Pancasila University,Information Technology,0.64628709486006,66
Pancasila University,Law,0.515642864364726,916
Pancasila University,Marketing,0.493323058461984,32
Parahyangan Catholic University,Accounting,0.532114267069057,1217
Parahyangan Catholic University,Architecture,0.483342127680899,1030
Parahyangan Catholic University,Business,0.513187532587222,1840
Parahyangan Catholic University,Economics,0.526184815812455,520
Parahyangan Catholic University,Engineering,0.509146478879458,3555
Parahyangan Catholic University,Finance,0.541616019042516,122
Parahyangan Catholic University,Information Technology,0.662311908403445,110
Parahyangan Catholic University,Law,0.492063575231816,1323
Parahyangan Catholic University,Marketing,0.49719351091387,45
Parahyangan Catholic University,Mathematics,0.574955061938043,155
Parahyangan Catholic University,Physics,0.508704867598808,25
Paramadina University,Business,0.53377261858307,155
Paramadina University,Economics,0.48737757131441,11
Paramadina University,Engineering,0.629140776655936,15
Paramadina University,Information Technology,0.634392455634771,44
Paramadina University,Marketing,0.543022933138285,35
Pasim National University,Accounting,0.558756867321423,27
Pasim National University,Business,0.528584195007225,46
Pasim National University,Economics,0.529644325487377,16
Pasim National University,Engineering,0.665877669250872,60
Pasim National University,Information Technology,0.688496511472286,48
Pasundan University,Accounting,0.540593577429733,345
Pasundan University,Business,0.51934487485372,463
Pasundan University,Economics,0.524598279408491,137
Pasundan University,Education,0.480945295743544,133
Pasundan University,Engineering,0.502520898990325,1022
Pasundan University,Finance,0.534498325627386,28
Pasundan University,Information Technology,0.619571655602621,135
Pasundan University,Law,0.50833622756614,280
Pasundan University,Marketing,0.51086112985059,18
Paul Christian University of Indonesia,Accounting,0.546606801227412,15
Paul Christian University of Indonesia,Engineering,0.448957319412787,64
Paul Christian University of Indonesia,Law,0.54077942166365,15
Pekalongan State Islamic Institute,Economics,0.470417080051213,18
Pelita Bagsa College of Economics,Business,0.507186028295833,84
Pelita Bagsa College of Economics,Economics,0.498660615670231,43
Pelita Harapan University,Accounting,0.537110947367024,737
Pelita Harapan University,Architecture,0.488975142287654,295
Pelita Harapan University,Business,0.513509136392167,1883
Pelita Harapan University,Economics,0.513661639441761,157
Pelita Harapan University,Education,0.363935874416612,729
Pelita Harapan University,Engineering,0.549838838175303,692
Pelita Harapan University,Finance,0.521740950508412,110
Pelita Harapan University,Information Technology,0.587459435910591,90
Pelita Harapan University,Law,0.506662248852828,596
Pelita Harapan University,Marketing,0.503775909140171,191
Pelita Harapan University,Mathematics,0.567193468500853,78
Pelita Harapan University,Medicine,0.464022084629758,131
Pelita Harapan University,Nursing,0.373710740397795,125
Pembangunan Jaya University,Accounting,0.516305838173065,39
Pembangunan Jaya University,Architecture,0.489188414510586,80
Pembangunan Jaya University,Business,0.557555250310348,67
Pembangunan Jaya University,Engineering,0.517035781821466,63
Pembangunan Jaya University,Information Technology,0.618935866944152,18
Perbanas Institute,Accounting,0.555113929084699,785
Perbanas Institute,Business,0.548680596930752,660
Perbanas Institute,Economics,0.556437658040314,158
Perbanas Institute,Engineering,0.654100159110482,49
Perbanas Institute,Finance,0.539656259141638,157
Perbanas Institute,Information Technology,0.598843011558684,57
Perbanas Institute,Marketing,0.457420947382727,19
Perdana Mandiri College of Economics,Accounting,0.524906419285112,14
Perdana Mandiri College of Economics,Business,0.457536821589273,14
Perguruan Tinggi LEPISI,Accounting,0.520570471263446,12
Perguruan Tinggi LEPISI,Business,0.518127568540827,49
Perguruan Tinggi LEPISI,Engineering,0.577222592907658,21
Perguruan Tinggi LEPISI,Information Technology,0.612222043584434,15
Perguruan Tinggi Raharja Tangerang,Business,0.607693185734818,59
Perguruan Tinggi Raharja Tangerang,Engineering,0.585635135814819,144
Perguruan Tinggi Raharja Tangerang,Information Technology,0.60988939650922,69
Perjuangan University of Takismalaya,Business,0.514046140158211,15
Persada Indonesian YAI University,Accounting,0.51913543764365,150
Persada Indonesian YAI University,Business,0.53129192833814,65
Persada Indonesian YAI University,Economics,0.52465479463719,32
Persada Indonesian YAI University,Engineering,0.602843155892958,26
Persada Indonesian YAI University,Finance,0.529937976361542,26
Persada Indonesian YAI University,Information Technology,0.680730887634314,15
Pertamina University,Business,0.542087255940973,115
Pertamina University,Chemistry,0.50368452603418,45
Pertamina University,Economics,0.583543517126939,44
Pertamina University,Engineering,0.498787013161283,777
Pesantren Tinggi Darul Ulum University,Business,0.498830217608515,11
Petra Christian University,Accounting,0.546755873030385,370
Petra Christian University,Architecture,0.487849353227057,475
Petra Christian University,Business,0.511254242750972,1331
Petra Christian University,Economics,0.479399015715901,98
Petra Christian University,Engineering,0.507267778650037,1295
Petra Christian University,Finance,0.532448538934898,72
Petra Christian University,Information Technology,0.63796600662095,163
Petra Christian University,Marketing,0.500291966990553,82
Podomoro University,Accounting,0.516515665451261,12
Podomoro University,Architecture,0.496954924789186,45
Podomoro University,Business,0.462266916788055,104
Podomoro University,Engineering,0.569006065577452,19
Politeknik AKA Bogor,Chemistry,0.446924966532241,13
Politeknik APP Jakarta (d/h Akademi Pimpinan Perusahaan),Business,0.5269324484465,25
Politeknik Ahli Usaha Perikanan (AUP),Business,0.466871314873076,54
Politeknik Ahli Usaha Perikanan (AUP),Engineering,0.358943070950363,25
Politeknik Caltex Riau,Business,0.652292733959744,13
Politeknik Caltex Riau,Engineering,0.517431058435816,204
Politeknik Caltex Riau,Information Technology,0.642358399596033,120
Politeknik Kesehatan Kementerian Kesehatan Surabaya,Engineering,0.438904561403404,19
Politeknik Manufaktur Negeri Bandung (PMS-ITB),Engineering,0.456844134130009,259
Politeknik Negeri Bali,Accounting,0.548529160538184,93
Politeknik Negeri Bali,Business,0.50620483610258,341
Politeknik Negeri Bali,Engineering,0.480823013165973,44
Politeknik Negeri Bali,Finance,0.542234176587867,10
Politeknik Negeri Bandung,Accounting,0.536040351405484,201
Politeknik Negeri Bandung,Business,0.524866804543257,432
Politeknik Negeri Bandung,Engineering,0.503975345497043,1011
Politeknik Negeri Bandung,Finance,0.556582604991307,87
Politeknik Negeri Bandung,Information Technology,0.688566421994817,34
Politeknik Negeri Bandung,Marketing,0.524541980260422,23
Politeknik Negeri Banjarmasin,Engineering,0.437441465363811,20
Politeknik Negeri Jakarta,Accounting,0.571254491240567,24
Politeknik Negeri Jakarta,Business,0.535147169564712,100
Politeknik Negeri Jakarta,Engineering,0.54979215308156,190
Politeknik Negeri Jakarta,Finance,0.542367540417545,52
Politeknik Negeri Jakarta,Information Technology,0.766403716210934,53
Politeknik Negeri Jember,Business,0.472448336758086,44
Politeknik Negeri Jember,Engineering,0.463784391768126,61
Politeknik Negeri Jember,Information Technology,0.596650511343561,33
Politeknik Negeri Malang,Accounting,0.521887042105692,107
Politeknik Negeri Malang,Business,0.53119996524162,238
Politeknik Negeri Malang,Engineering,0.465260381971951,819
Politeknik Negeri Malang,Finance,0.543838286094613,15
Politeknik Negeri Malang,Information Technology,0.657277050915059,182
Politeknik Negeri Malang,Marketing,0.520809359803029,11
Politeknik Negeri Medan,Accounting,0.530640720815558,30
Politeknik Negeri Medan,Business,0.520123702517583,100
Politeknik Negeri Medan,Engineering,0.440933805715246,113
Politeknik Negeri Medan,Finance,0.534286255236778,22
Politeknik Negeri Padang,Accounting,0.555698230502244,42
Politeknik Negeri Padang,Business,0.533870891980634,15
Politeknik Negeri Padang,Engineering,0.49593457604212,109
Politeknik Negeri Padang,Information Technology,0.736651135348998,12
Politeknik Negeri Samarinda,Accounting,0.551378651589962,20
Politeknik Negeri Samarinda,Business,0.469102849096324,36
Politeknik Negeri Samarinda,Engineering,0.372249030763746,95
Politeknik Negeri Samarinda,Information Technology,0.573778192216364,17
Politeknik Negeri Semarang,Accounting,0.547371281859997,94
Politeknik Negeri Semarang,Business,0.539455042830253,223
Politeknik Negeri Semarang,Engineering,0.503442820798411,319
Politeknik Negeri Semarang,Finance,0.547310724338032,21
Politeknik Negeri Ujung Pandang,Accounting,0.558976523880739,33
Politeknik Negeri Ujung Pandang,Business,0.561445699385368,61
Politeknik Negeri Ujung Pandang,Engineering,0.480955999312567,141
Politeknik Pariwisata Bali,Accounting,0.565425042207294,13
Politeknik Pariwisata Bali,Business,0.496263214557356,303
Politeknik Pariwisata Palembang,Business,0.458626560929228,15
Politeknik Piksi Ganesha,Accounting,0.515360944085787,10
Politeknik Piksi Ganesha,Business,0.577429419773213,99
Politeknik Piksi Ganesha,Engineering,0.5740626868909,48
Politeknik Piksi Ganesha,Information Technology,0.578496980011891,18
Politeknik Pos Indonesia,Accounting,0.512139989789718,12
Politeknik Pos Indonesia,Business,0.5262017573592,176
Politeknik Pos Indonesia,Engineering,0.708513920872956,25
Politeknik Pos Indonesia,Finance,0.526266920754589,21
Politeknik Pos Indonesia,Information Technology,0.680702373206698,25
Politeknik Sahid,Business,0.439670966698651,81
Politeknik Statistika STIS,Engineering,0.763244440861053,18
Politeknik Statistika STIS,Statistics,0.698390702354558,422
Politeknik Telkom,Engineering,0.590609141616263,14
Poltekkes Kemenkes Jakarta 2,Engineering,0.418254112005015,22
Ponorogo State Islamic Institute,Education,0.516555248212542,25
Potensi Utama University,Engineering,0.571796077579547,47
Potensi Utama University,Information Technology,0.592053182694958,20
Pranata Indonesia (School of Management Informatics & Computer),Engineering,0.615259508357339,16
Pranata Indonesia (School of Management Informatics & Computer),Information Technology,0.526802435615661,13
Prasetiya Mulya Business School,Accounting,0.551041535260736,15
Prasetiya Mulya Business School,Business,0.51472206707471,186
Prasetiya Mulya Business School,Economics,0.497582960214302,47
Prasetiya Mulya Business School,Finance,0.505281104057393,39
Prasetiya Mulya Business School,Law,0.52432186119801,11
Prasetiya Mulya Business School,Marketing,0.524421840521126,43
Prasetiya Mulya University,Accounting,0.531747016146866,200
Prasetiya Mulya University,Business,0.517201365525692,1398
Prasetiya Mulya University,Economics,0.519465279197075,214
Prasetiya Mulya University,Engineering,0.525300519436407,16
Prasetiya Mulya University,Finance,0.527279751902074,135
Prasetiya Mulya University,Law,0.507196426086314,45
Prasetiya Mulya University,Marketing,0.525235614232614,182
President University,Accounting,0.54510704957977,608
President University,Business,0.525156815383689,1310
President University,Economics,0.510205256541894,49
President University,Education,0.388826631835041,12
President University,Engineering,0.516690924679598,774
President University,Finance,0.527861967167866,121
President University,Information Technology,0.654731787882161,305
President University,Law,0.509638078127806,86
President University,Marketing,0.513986405065023,47
Prof. Dr. Moestopo University,Accounting,0.543544483383632,64
Prof. Dr. Moestopo University,Business,0.529782835507527,192
Prof. Dr. Moestopo University,Economics,0.560832883330936,48
Professional Management College Indonesia,Business,0.516435815723619,61
Proklamasi '45 University - The University of Petroleum,Engineering,0.423738180119491,122
Purwadhika Digital Technology School,Engineering,0.76251575092662,14
Putra Indonesia 'YPTK' University of Padang,Accounting,0.506440737804596,23
Putra Indonesia 'YPTK' University of Padang,Business,0.503829826962815,30
Putra Indonesia 'YPTK' University of Padang,Engineering,0.594082590957508,78
Raden Fatah State Islamic University,Economics,0.500626624806578,22
Raden Fatah State Islamic University,Education,0.468926684628271,53
Raden Fatah State Islamic University,Law,0.429355045825626,12
Raden Intan State Islamic University,Business,0.440253526966724,12
Raden Intan State Islamic University,Economics,0.515805275423687,18
Raden Intan State Islamic University,Education,0.46209454402881,57
Raden Intan State Islamic University,Law,0.477048260289539,20
Raja Ali Haji Maritime University,Accounting,0.568694606404998,28
Raja Ali Haji Maritime University,Business,0.409507118460987,22
Raja Ali Haji Maritime University,Education,0.442063066790496,46
Raja Ali Haji Maritime University,Engineering,0.507835754309544,70
Raja Ali Haji Maritime University,Information Technology,0.547015620589961,11
Respati Indonesian University,Business,0.542080982957626,29
Respati Indonesian University,Engineering,0.587474700604817,10
Respati Indonesian University,Information Technology,0.634928118102271,23
Riau University,Accounting,0.536054447205656,75
Riau University,Architecture,0.450268187038186,13
Riau University,Business,0.520641483786316,95
Riau University,Chemistry,0.465858571988732,17
Riau University,Economics,0.530654399098038,25
Riau University,Education,0.450031420890238,50
Riau University,Engineering,0.458319013629637,231
Riau University,Law,0.533946968888174,24
Riau University,Physics,0.440730111107951,12
SBI College of Economics,Business,0.555958622486416,18
STEI SEBI,Accounting,0.523658428027717,66
STEI SEBI,Business,0.527407579148033,34
STEI SEBI,Economics,0.513617008988082,23
"STEKPI School of Economics, Finance and Banking",Accounting,0.52573134842648,29
"STEKPI School of Economics, Finance and Banking",Business,0.552080997543952,36
STIAMI Institute of Social Studies and Management,Business,0.534074699799029,579
STIE Indonesia,Accounting,0.540687361423339,121
STIE Indonesia,Business,0.507690477006852,44
STIE Indonesia,Economics,0.528020854886911,42
STIE Indonesia,Finance,0.550998457007207,13
STIE Pengembangan Bisnis Dan Manajemen,Business,0.542966075164093,15
STIE YKPN Yogyakarta,Accounting,0.532010881463498,512
STIE YKPN Yogyakarta,Business,0.50037584894866,172
STIE YKPN Yogyakarta,Economics,0.524627664114327,75
STIE YKPN Yogyakarta,Finance,0.533814640242203,81
STIE YKPN Yogyakarta,Marketing,0.550416099472205,11
STIE Yapan Surabaya,Business,0.483004646700904,74
STIE Yapan Surabaya,Economics,0.471017250180004,13
STIEM Bongaya,Accounting,0.49628918494967,16
STIEM Bongaya,Business,0.554780085333914,37
STIEM Bongaya,Economics,0.48759786485495,17
STIKOM Bali Jimbaran,Engineering,0.616606775198941,102
STIKOM Bali Jimbaran,Information Technology,0.58402551965364,33
STMIK & Politeknik LPKIA,Business,0.583504923123984,11
STMIK & Politeknik LPKIA,Engineering,0.714906716754985,30
STMIK & Politeknik LPKIA,Information Technology,0.61945843587583,24
STMIK AUB Surakarta,Business,0.461389659546144,14
STMIK Dharma Negara Bandung,Engineering,0.73236638200339,22
STMIK Dharma Negara Bandung,Information Technology,0.675434162126209,27
STMIK Dharma Putra,Engineering,0.62920412794562,20
STMIK Dharma Putra,Information Technology,0.549087281197245,19
STMIK IM,Engineering,0.591235315468255,12
STMIK IM,Information Technology,0.621135148658725,16
STMIK Indonesia Padang,Business,0.624242004528572,11
STMIK Indonesia Padang,Education,0.465527333095344,19
STMIK Indonesia Padang,Engineering,0.574911088384536,22
STMIK JABAR,Engineering,0.689747548458721,17
STMIK JABAR,Information Technology,0.690960426426552,10
STMIK Kharisma Makassar,Business,0.598966817304372,17
STMIK Kharisma Makassar,Engineering,0.561687930833923,26
STMIK Kharisma Makassar,Information Technology,0.569291262853522,16
STMIK Nusa Mandiri Jakarta,Business,0.624193641135201,209
STMIK Nusa Mandiri Jakarta,Engineering,0.583509386714265,285
STMIK Nusa Mandiri Jakarta,Information Technology,0.599449094610647,266
STMIK STIKOM Balikpapan,Engineering,0.551568005799692,40
STMIK STIKOM Balikpapan,Information Technology,0.573054015465698,48
STMIK STIKOM Indonesia,Accounting,0.539251783674889,41
STMIK STIKOM Indonesia,Business,0.550801832422819,113
STMIK STIKOM Indonesia,Economics,0.520568525202759,18
STMIK STIKOM Indonesia,Engineering,0.59320860602515,130
STMIK STIKOM Indonesia,Information Technology,0.65291458093808,68
STMIK Sumedang,Engineering,0.58957096017858,46
STMIK Sumedang,Information Technology,0.636438752176229,25
STMIK Tasikmalaya,Engineering,0.571637659572008,45
STMIK Tasikmalaya,Information Technology,0.639686355263,47
STMIK Triguna Dharma,Engineering,0.559177319475628,51
STMIK WIDYA PRATAMA,Engineering,0.588841243815075,22
STMIK WIDYA PRATAMA,Information Technology,0.559151290880578,21
STMIK Widya Cipta Dharma,Engineering,0.556799504173809,34
STMIK Widya Cipta Dharma,Information Technology,0.579064961009147,37
STT Muhammadiyah Cileungsi,Engineering,0.442161243168597,30
STTN-BATAN,Engineering,0.416121132185996,141
STTN-BATAN,Physics,0.424508356157582,11
Sahid University,Accounting,0.565122213066715,55
Sahid University,Business,0.506047339619328,366
Sahid University,Economics,0.49742350196755,70
Sahid University,Engineering,0.494164764237575,148
Sahid University,Finance,0.51986272188777,12
Sahid University,Law,0.513059250767694,41
Sahid University,Marketing,0.478031621981969,15
Sahid University of Surakarta,Business,0.479264300806236,43
Sahid University of Surakarta,Engineering,0.538826640606237,25
Saint Thomas Catholic University,Accounting,0.476545144850343,14
Saint Thomas Catholic University,Engineering,0.526609191135765,10
Salatiga State Islamic Institute,Business,0.552039461056921,11
Salatiga State Islamic Institute,Economics,0.513617606226986,13
Salatiga State Islamic Institute,Education,0.465899778802075,46
Sam Ratulangi University,Accounting,0.528155028787392,148
Sam Ratulangi University,Architecture,0.503177320336092,79
Sam Ratulangi University,Business,0.515186374022693,481
Sam Ratulangi University,Chemistry,0.491591546646945,38
Sam Ratulangi University,Economics,0.520382658222919,106
Sam Ratulangi University,Engineering,0.493685108466562,281
Sam Ratulangi University,Finance,0.542694582222978,16
Sam Ratulangi University,Information Technology,0.548462982180329,22
Sam Ratulangi University,Law,0.510794995419295,186
Sam Ratulangi University,Mathematics,0.498738995429731,10
Sam Ratulangi University,Medicine,0.444773075669168,32
Sam Ratulangi University,Nursing,0.407938902569683,10
Sam Ratulangi University,Physics,0.528204541987248,11
Sampoerna University,Accounting,0.568005227052088,56
Sampoerna University,Business,0.535173065341723,133
Sampoerna University,Education,0.474397250670871,96
Sampoerna University,Engineering,0.532123648123375,141
Sampoerna University,Finance,0.56478477716958,19
Sanata Dharma University,Accounting,0.536767489134158,327
Sanata Dharma University,Business,0.516382600607417,220
Sanata Dharma University,Economics,0.535176018380439,73
Sanata Dharma University,Education,0.478076553037532,939
Sanata Dharma University,Engineering,0.506664101122162,507
Sanata Dharma University,Finance,0.534605037329083,36
Sanata Dharma University,Information Technology,0.652360183984639,98
Sanata Dharma University,Marketing,0.60636837918229,15
Sanata Dharma University,Mathematics,0.573852230741282,44
Sangga Buana University,Accounting,0.56598444946271,94
Sangga Buana University,Business,0.509988613427925,108
Sangga Buana University,Economics,0.497094434774895,30
Sangga Buana University,Engineering,0.484258321077857,107
Sangga Buana University,Finance,0.509176478036071,15
Sangga Buana University,Information Technology,0.650445917683016,17
Sarjanawiyata Tamansiswa University,Accounting,0.549248876082495,19
Sarjanawiyata Tamansiswa University,Business,0.497886994316839,38
Sarjanawiyata Tamansiswa University,Education,0.483994026321995,107
Sarjanawiyata Tamansiswa University,Engineering,0.484285478655682,39
Satya Negara University of Indonesia,Accounting,0.553385212280496,88
Satya Negara University of Indonesia,Business,0.526076733331883,89
Satya Negara University of Indonesia,Economics,0.526677231927101,38
Satya Negara University of Indonesia,Engineering,0.549646100449781,70
Satya Negara University of Indonesia,Finance,0.564295641886596,17
Satya Negara University of Indonesia,Information Technology,0.604995394889974,58
Satya Wacana Christian University,Accounting,0.534071936735512,473
Satya Wacana Christian University,Business,0.537095173217975,392
Satya Wacana Christian University,Chemistry,0.488219071507601,71
Satya Wacana Christian University,Economics,0.52272700888619,176
Satya Wacana Christian University,Education,0.473303779726143,456
Satya Wacana Christian University,Engineering,0.584275099544776,468
Satya Wacana Christian University,Finance,0.53668771428756,83
Satya Wacana Christian University,Information Technology,0.6446111133687,439
Satya Wacana Christian University,Law,0.498655593456681,130
Satya Wacana Christian University,Marketing,0.465933958288889,22
Satya Wacana Christian University,Mathematics,0.55154572669283,23
Satya Wacana Christian University,Nursing,0.383380965372931,15
Satya Wacana Christian University,Physics,0.493903265563379,13
School Of Industrial Engineering Telkom University,Engineering,0.507381552391499,50
School of Business and Management ITB,Business,0.529109450863795,463
School of Business and Management ITB,Marketing,0.502147416578613,10
School of Informatic Management and Computer Engineering - STIKOM SURABAYA,Business,0.632106387846927,10
School of Informatic Management and Computer Engineering - STIKOM SURABAYA,Engineering,0.629181147314409,28
School of Informatic Management and Computer Engineering - STIKOM SURABAYA,Information Technology,0.595123991580712,19
School of Information Management and Computer LIKMI,Business,0.56218069806896,81
School of Information Management and Computer LIKMI,Engineering,0.566034035391413,68
School of Information Management and Computer LIKMI,Information Technology,0.569812935268546,36
School of Information Technology NIIT I-TECH,Information Technology,0.644314409728592,16
School of Science and Technology Indonesia,Engineering,0.527777149811001,14
Sebelas Maret University,Accounting,0.537829350337978,495
Sebelas Maret University,Architecture,0.489078418472331,216
Sebelas Maret University,Biology,0.528464347446984,35
Sebelas Maret University,Business,0.515336224174153,633
Sebelas Maret University,Chemistry,0.477205136853639,177
Sebelas Maret University,Economics,0.524755303226648,395
Sebelas Maret University,Education,0.476320527085942,803
Sebelas Maret University,Engineering,0.499043800640489,1604
Sebelas Maret University,Finance,0.542912358696216,66
Sebelas Maret University,Information Technology,0.692081125094675,39
Sebelas Maret University,Law,0.51682898123296,878
Sebelas Maret University,Marketing,0.468865172859232,14
Sebelas Maret University,Mathematics,0.551238200619062,88
Sebelas Maret University,Medicine,0.527791316042772,133
Sebelas Maret University,Nursing,0.454050246147047,14
Sebelas Maret University,Physics,0.527021966721481,116
Sebelas Maret University,Statistics,0.556594063590494,86
Sekolah Tinggi Akuntansi Negara,Accounting,0.559148949572855,467
Sekolah Tinggi Akuntansi Negara,Finance,0.551578888832662,48
Sekolah Tinggi Analis Kimia Cilegon,Chemistry,0.403256092076606,25
Sekolah Tinggi Ekonomi Islam Tazkia,Accounting,0.570737171726838,37
Sekolah Tinggi Ekonomi Islam Tazkia,Business,0.558805884513197,42
Sekolah Tinggi Ekonomi Islam Tazkia,Economics,0.533909107770505,30
Sekolah Tinggi Hukum Bandung,Business,0.516669903665286,27
Sekolah Tinggi Hukum Bandung,Law,0.507768844051429,243
Sekolah Tinggi Hukum Indonesia Jentera,Law,0.532505511080908,17
Sekolah Tinggi Ilmu Ekonomi Bhakti Pembangunan,Accounting,0.578903109830581,10
Sekolah Tinggi Ilmu Ekonomi Bhakti Pembangunan,Business,0.554742273585182,11
Sekolah Tinggi Ilmu Ekonomi Bisnis Indonesia,Accounting,0.551333856638082,15
Sekolah Tinggi Ilmu Ekonomi Bisnis Indonesia,Business,0.579626096489019,22
Sekolah Tinggi Ilmu Ekonomi Indonesia,Accounting,0.550618498406571,348
Sekolah Tinggi Ilmu Ekonomi Indonesia,Business,0.525714929785241,121
Sekolah Tinggi Ilmu Ekonomi Indonesia,Economics,0.537146000364225,78
Sekolah Tinggi Ilmu Ekonomi Indonesia,Finance,0.534292730048572,42
Sekolah Tinggi Ilmu Ekonomi Indonesia Membangun,Accounting,0.528775900390884,61
Sekolah Tinggi Ilmu Ekonomi Indonesia Membangun,Business,0.515785757697632,99
Sekolah Tinggi Ilmu Ekonomi Indonesia Membangun,Economics,0.53022728431599,10
Sekolah Tinggi Ilmu Ekonomi Indonesia Membangun,Engineering,0.560678289689719,10
Sekolah Tinggi Ilmu Ekonomi Indonesia Membangun,Finance,0.528583967600385,13
Sekolah Tinggi Ilmu Ekonomi Jayakarta,Accounting,0.553866474000316,14
Sekolah Tinggi Ilmu Ekonomi Jayakarta,Business,0.563729152867013,13
Sekolah Tinggi Ilmu Ekonomi Kertanegara Malang,Business,0.491342340512328,15
Sekolah Tinggi Ilmu Ekonomi Kusuma Negara,Accounting,0.575184938743001,17
Sekolah Tinggi Ilmu Ekonomi Kusuma Negara,Business,0.5231641540646,25
Sekolah Tinggi Ilmu Ekonomi Mulia Pratama,Business,0.521993624208935,11
Sekolah Tinggi Ilmu Ekonomi Perbanas Surabaya,Accounting,0.531270798068827,211
Sekolah Tinggi Ilmu Ekonomi Perbanas Surabaya,Business,0.525785894351897,189
Sekolah Tinggi Ilmu Ekonomi Perbanas Surabaya,Economics,0.521477436897076,31
Sekolah Tinggi Ilmu Ekonomi Perbanas Surabaya,Finance,0.537298431006648,66
Sekolah Tinggi Ilmu Ekonomi Perbanas Surabaya,Marketing,0.561619074311399,13
Sekolah Tinggi Ilmu Ekonomi Semarang,Business,0.509298620801711,19
Sekolah Tinggi Ilmu Ekonomi Studi Ekonomi Modern - STIE STEKOM,Accounting,0.543539908341711,72
Sekolah Tinggi Ilmu Ekonomi Studi Ekonomi Modern - STIE STEKOM,Business,0.547257640383,52
Sekolah Tinggi Ilmu Ekonomi Studi Ekonomi Modern - STIE STEKOM,Economics,0.535595938440999,23
Sekolah Tinggi Ilmu Ekonomi Studi Ekonomi Modern - STIE STEKOM,Finance,0.567553186789582,10
Sekolah Tinggi Ilmu Ekonomi Swadaya,Accounting,0.550482956713252,11
Sekolah Tinggi Ilmu Ekonomi Swadaya,Business,0.541425788822848,11
Sekolah Tinggi Ilmu Ekonomi Tridharma,Business,0.480145635459867,16
Sekolah Tinggi Ilmu Ekonomi YAI,Accounting,0.53602529259107,176
Sekolah Tinggi Ilmu Ekonomi YAI,Business,0.539498293933092,61
Sekolah Tinggi Ilmu Ekonomi YAI,Economics,0.530202905756779,18
Sekolah Tinggi Ilmu Ekonomi YAI,Finance,0.536981186315451,30
Sekolah Tinggi Ilmu Ekonomi YKPN Yogyakarta,Accounting,0.531317969236476,18
Sekolah Tinggi Ilmu Ekonomi YKPN Yogyakarta,Business,0.525336773912553,12
Sekolah Tinggi Ilmu Komputer Cipta Karya Informatika,Engineering,0.564106125335939,32
Sekolah Tinggi Ilmu Komputer Cipta Karya Informatika,Information Technology,0.590270645335582,51
Sekolah Tinggi Ilmu Komunikasi Interstudi,Business,0.523433058941205,140
Sekolah Tinggi Ilmu Komunikasi dan Sekretari Tarakanita ( STARKI ),Business,0.548678428891988,36
Sekolah Tinggi Ilmu Pelayaran,Business,0.408987894181244,79
Sekolah Tinggi Ilmu Pelayaran,Engineering,0.353530366714371,17
Sekolah Tinggi Informatika dan Komputer Indonesia,Business,0.544196723493786,11
Sekolah Tinggi Informatika dan Komputer Indonesia,Engineering,0.630452220096054,81
Sekolah Tinggi Informatika dan Komputer Indonesia,Information Technology,0.608570070810784,77
Sekolah Tinggi Manajemen Asuransi Trisakti,Business,0.598612619643371,46
Sekolah Tinggi Manajemen IMMI,Business,0.556749880578743,14
Sekolah Tinggi Manajemen Industri,Business,0.552840042042392,172
Sekolah Tinggi Manajemen Industri,Engineering,0.508696007177925,274
Sekolah Tinggi Manajemen Industri,Information Technology,0.553624706312356,11
Sekolah Tinggi Manajemen Logistik Indonesia (STIMLOG),Business,0.541694426019889,103
Sekolah Tinggi Pariwisata Ambarrukmo (STIPRAM) Yogyakarta,Business,0.496414717743075,70
Sekolah Tinggi Pariwisata Ambarrukmo (STIPRAM) Yogyakarta,Marketing,0.507905574329648,20
Sekolah Tinggi Pariwisata Trisakti,Business,0.457036305047199,721
Sekolah Tinggi Pariwisata Trisakti,Marketing,0.50226230473984,17
Sekolah Tinggi Teknik Surabaya,Business,0.638222590394183,34
Sekolah Tinggi Teknik Surabaya,Engineering,0.610934696796793,218
Sekolah Tinggi Teknik Surabaya,Information Technology,0.608307950686939,178
Sekolah Tinggi Teknologi (STITEK) Bontang,Engineering,0.239588644720019,11
Sekolah Tinggi Teknologi Bandung,Engineering,0.515330202201083,50
Sekolah Tinggi Teknologi Dumai,Engineering,0.411077200167151,39
Sekolah Tinggi Teknologi Fatahillah Cilegon,Engineering,0.278889159766289,26
Sekolah Tinggi Teknologi Industri Bontang,Engineering,0.253168746968778,20
Sekolah Tinggi Teknologi Informasi NIIT (I-Tech),Engineering,0.684489510825874,19
Sekolah Tinggi Teknologi Informasi NIIT (I-Tech),Information Technology,0.640286321036063,21
Sekolah Tinggi Teknologi Mandala,Engineering,0.44010045506858,10
Sekolah Tinggi Teknologi Minyak dan Gas Bumi Balikpapan,Engineering,0.423449426838211,201
Sekolah Tinggi Teknologi Tekstil,Business,0.46637096074012,36
Sekolah Tinggi Teknologi Tekstil,Chemistry,0.472722783433196,79
Sekolah Tinggi Teknologi Tekstil,Engineering,0.486585932634419,141
Sekolah Tinggi Teknologi Terpadu Nurul Fikri,Engineering,0.690092533535364,21
Sekolah Tinggi Teknologi Terpadu Nurul Fikri,Information Technology,0.597797509130298,18
Sekolah Tinggi Teknologi Wastukancana,Engineering,0.449346070553599,66
Sekolah Tinggi Teknologi Wastukancana,Information Technology,0.479796194554656,13
Semarang University,Accounting,0.525142222836133,134
Semarang University,Business,0.517093775413604,118
Semarang University,Economics,0.503945283768263,45
Semarang University,Engineering,0.503515948666969,247
Semarang University,Finance,0.517916668024556,16
Semarang University,Information Technology,0.611250193829813,76
Semarang University,Law,0.536101462466497,40
Semarang Veteran Institute of Teacher Training and Educational Science,Education,0.440388076370342,12
Semen Indonesia International University,Accounting,0.544869761264037,20
Semen Indonesia International University,Business,0.539264840600185,48
Semen Indonesia International University,Engineering,0.503546531716393,122
Sepuluh Nopember Institute of Technology,Architecture,0.488796346902864,552
Sepuluh Nopember Institute of Technology,Biology,0.499328096581466,66
Sepuluh Nopember Institute of Technology,Business,0.562362382585662,401
Sepuluh Nopember Institute of Technology,Chemistry,0.506258605434862,389
Sepuluh Nopember Institute of Technology,Engineering,0.495904302143559,11839
Sepuluh Nopember Institute of Technology,Information Technology,0.638536063926665,376
Sepuluh Nopember Institute of Technology,Mathematics,0.575340485157818,198
Sepuluh Nopember Institute of Technology,Physics,0.492056770878053,206
Sepuluh Nopember Institute of Technology,Statistics,0.594213970179569,511
Serang Raya University,Accounting,0.527451522200438,43
Serang Raya University,Business,0.50341361632154,71
Serang Raya University,Engineering,0.40302860604926,283
Serang Raya University,Information Technology,0.591803188335246,68
Setia Budi Mandiri University,Business,0.557928228853451,12
Setia Budi University of Surakarta,Engineering,0.503147558069116,13
Sheikh Yusuf Islamic University of Tangerang,Business,0.499543325349836,63
Sheikh Yusuf Islamic University of Tangerang,Economics,0.521003715968981,20
Sheikh Yusuf Islamic University of Tangerang,Education,0.481739714785525,54
Sheikh Yusuf Islamic University of Tangerang,Engineering,0.518851127524563,36
Sheikh Yusuf Islamic University of Tangerang,Information Technology,0.618791685097137,24
Sheikh Yusuf Islamic University of Tangerang,Law,0.512296960164039,50
Siliwangi Institute of Education and Teacher Training,Education,0.498900656828646,45
Siliwangi University,Accounting,0.541482196930154,83
Siliwangi University,Business,0.513955981941002,144
Siliwangi University,Economics,0.545897114294622,91
Siliwangi University,Education,0.484527330754084,259
Siliwangi University,Engineering,0.495803980209728,133
Siliwangi University,Finance,0.618244106462048,12
Siliwangi University,Information Technology,0.636407403813617,43
Singaperbangsa University of Karawang,Accounting,0.540992508901819,131
Singaperbangsa University of Karawang,Business,0.531332042386195,166
Singaperbangsa University of Karawang,Education,0.467198703765265,273
Singaperbangsa University of Karawang,Engineering,0.501638359062044,503
Singaperbangsa University of Karawang,Finance,0.426036380365717,10
Singaperbangsa University of Karawang,Information Technology,0.601449830742154,60
Singaperbangsa University of Karawang,Law,0.509496614818807,104
Slamet Riyadi University,Business,0.501438661042151,20
Slamet Riyadi University,Economics,0.57615839961159,15
Slamet Riyadi University,Education,0.468010720251167,27
Slamet Riyadi University,Law,0.571308249960025,16
Soegijapranata Catholic University,Accounting,0.529801484849172,318
Soegijapranata Catholic University,Architecture,0.487014140436087,355
Soegijapranata Catholic University,Business,0.515680970729799,253
Soegijapranata Catholic University,Economics,0.527154889399529,101
Soegijapranata Catholic University,Engineering,0.535739049099839,341
Soegijapranata Catholic University,Finance,0.537127340816708,50
Soegijapranata Catholic University,Information Technology,0.620472816983314,50
Soegijapranata Catholic University,Law,0.518369610948377,94
Soegijapranata Catholic University,Marketing,0.437604809024599,18
Sriwijaya University,Accounting,0.540258277465878,444
Sriwijaya University,Architecture,0.463732062467627,116
Sriwijaya University,Biology,0.495562660765763,23
Sriwijaya University,Business,0.521045454184167,408
Sriwijaya University,Chemistry,0.486113561832542,103
Sriwijaya University,Economics,0.521492332281802,238
Sriwijaya University,Education,0.431332438335298,338
Sriwijaya University,Engineering,0.480369692274476,2909
Sriwijaya University,Finance,0.559401343645914,53
Sriwijaya University,Information Technology,0.597367347135012,74
Sriwijaya University,Law,0.509322435543337,432
Sriwijaya University,Marketing,0.493869760524064,23
Sriwijaya University,Mathematics,0.526221928214552,59
Sriwijaya University,Medicine,0.463673078794791,71
Sriwijaya University,Nursing,0.456363385510386,17
Sriwijaya University,Physics,0.511352953105286,61
Sriwijaya University,Statistics,0.523817323819414,11
"State Institute of Islamic Studies, Kediri",Economics,0.445058313367495,12
"State Institute of Islamic Studies, Kediri",Education,0.490443983396315,31
State Islamic University Imam Bonjol Padang,Education,0.495528920901352,18
State Islamic University Sunan Kalijaga Yogyakarta,Business,0.536376578138442,30
State Islamic University Sunan Kalijaga Yogyakarta,Chemistry,0.477009932595383,16
State Islamic University Sunan Kalijaga Yogyakarta,Economics,0.501112559947639,22
State Islamic University Sunan Kalijaga Yogyakarta,Education,0.496224526552483,39
State Islamic University Sunan Kalijaga Yogyakarta,Engineering,0.596133601091181,52
State Islamic University Sunan Kalijaga Yogyakarta,Information Technology,0.626195487135496,10
State Islamic University Sunan Kalijaga Yogyakarta,Law,0.547038131553793,43
State Islamic University Syarif Hidayatullah Jakarta,Accounting,0.536174467154009,99
State Islamic University Syarif Hidayatullah Jakarta,Business,0.534195604953589,255
State Islamic University Syarif Hidayatullah Jakarta,Chemistry,0.51976069347563,65
State Islamic University Syarif Hidayatullah Jakarta,Economics,0.54598136748504,140
State Islamic University Syarif Hidayatullah Jakarta,Education,0.473336456357794,250
State Islamic University Syarif Hidayatullah Jakarta,Engineering,0.627169924081373,83
State Islamic University Syarif Hidayatullah Jakarta,Finance,0.574481741885206,28
State Islamic University Syarif Hidayatullah Jakarta,Information Technology,0.644553592557327,66
State Islamic University Syarif Hidayatullah Jakarta,Law,0.511305677278742,182
State Islamic University Syarif Hidayatullah Jakarta,Mathematics,0.572305029043275,33
State Islamic University Syarif Hidayatullah Jakarta,Medicine,0.525830197166683,17
State Islamic University Syarif Hidayatullah Jakarta,Nursing,0.380743927355373,27
State Islamic University Syarif Hidayatullah Jakarta,Physics,0.535247275267847,53
State Islamic University of Mataram,Education,0.401822775056254,12
State Islamic University of Sultan Maulana Hasanuddin,Economics,0.502216870295808,12
State Islamic University of Sultan Maulana Hasanuddin,Education,0.457665564455861,34
State Islamic University of Sultan Maulana Hasanuddin,Law,0.507249012035879,11
State Islamic University of Sultan Syarif Kasim,Accounting,0.54452487978704,27
State Islamic University of Sultan Syarif Kasim,Business,0.525367076029759,43
State Islamic University of Sultan Syarif Kasim,Economics,0.472572065361308,18
State Islamic University of Sultan Syarif Kasim,Education,0.441935184252636,66
State Islamic University of Sultan Syarif Kasim,Engineering,0.523497385354793,308
State Islamic University of Sultan Syarif Kasim,Information Technology,0.61630622715074,42
State Islamic University of Sultan Syarif Kasim,Law,0.470917896215488,23
State Polytechnic of Batam,Accounting,0.53834521250388,91
State Polytechnic of Batam,Business,0.535205730195149,251
State Polytechnic of Batam,Engineering,0.478205088440596,310
State Polytechnic of Batam,Information Technology,0.610511539799991,29
State University of Gorontalo,Accounting,0.487654177721668,10
State University of Gorontalo,Business,0.485404814391963,34
State University of Gorontalo,Education,0.522447384217554,52
State University of Gorontalo,Engineering,0.498917060979874,27
State University of Jakarta,Accounting,0.541883642582317,612
State University of Jakarta,Biology,0.526549823960726,26
State University of Jakarta,Business,0.524543965553959,853
State University of Jakarta,Chemistry,0.483397357537475,178
State University of Jakarta,Economics,0.524871559290764,214
State University of Jakarta,Education,0.469636094272245,3289
State University of Jakarta,Engineering,0.512324237116162,862
State University of Jakarta,Finance,0.536256888722979,48
State University of Jakarta,Information Technology,0.625887785882513,30
State University of Jakarta,Marketing,0.555272627637068,35
State University of Jakarta,Mathematics,0.578948761515891,145
State University of Jakarta,Physics,0.534567140899207,113
State University of Jakarta,Statistics,0.528461093044531,17
State University of Makassar,Accounting,0.492667923004581,35
State University of Makassar,Business,0.534468590898941,56
State University of Makassar,Chemistry,0.506771215912005,25
State University of Makassar,Education,0.463054968593645,412
State University of Makassar,Engineering,0.491611604732058,78
State University of Makassar,Mathematics,0.524957666530936,29
State University of Makassar,Physics,0.460663269215447,20
State University of Makassar,Statistics,0.58869622810055,12
State University of Malang,Accounting,0.52898517476791,253
State University of Malang,Biology,0.478376574703793,34
State University of Malang,Business,0.50678115294667,330
State University of Malang,Chemistry,0.466446944948726,142
State University of Malang,Economics,0.520725438902369,143
State University of Malang,Education,0.483620847571756,1140
State University of Malang,Engineering,0.479313378992509,679
State University of Malang,Finance,0.529092266254705,27
State University of Malang,Information Technology,0.62807382698729,69
State University of Malang,Law,0.508759609752069,11
State University of Malang,Marketing,0.486936292454187,25
State University of Malang,Mathematics,0.525415448788858,76
State University of Malang,Physics,0.507093456015733,62
State University of Medan,Accounting,0.517918798817772,143
State University of Medan,Biology,0.52174752196493,15
State University of Medan,Business,0.494941598289519,63
State University of Medan,Chemistry,0.484710714495039,58
State University of Medan,Economics,0.523312677175348,40
State University of Medan,Education,0.450988232839005,660
State University of Medan,Engineering,0.453915234304636,85
State University of Medan,Finance,0.504950602501776,19
State University of Medan,Mathematics,0.504344015108595,45
State University of Medan,Physics,0.448626778927538,33
State University of Semarang,Accounting,0.538299682820959,216
State University of Semarang,Architecture,0.490591977798188,36
State University of Semarang,Biology,0.528911518043074,20
State University of Semarang,Business,0.525187526655439,183
State University of Semarang,Chemistry,0.474096833204151,97
State University of Semarang,Economics,0.536115244764387,146
State University of Semarang,Education,0.486209367593066,1169
State University of Semarang,Engineering,0.486906049837314,562
State University of Semarang,Finance,0.559983643276962,28
State University of Semarang,Information Technology,0.585148380610399,25
State University of Semarang,Law,0.512388425138706,252
State University of Semarang,Marketing,0.545758232658936,13
State University of Semarang,Mathematics,0.519918417329014,67
State University of Semarang,Physics,0.553300776670783,58
State University of Surabaya,Accounting,0.565980044646678,129
State University of Surabaya,Biology,0.429706378919405,13
State University of Surabaya,Business,0.545952262292541,264
State University of Surabaya,Chemistry,0.48753091800638,107
State University of Surabaya,Economics,0.539214327261603,70
State University of Surabaya,Education,0.457846673803907,1137
State University of Surabaya,Engineering,0.467215411732067,403
State University of Surabaya,Finance,0.481275733474479,10
State University of Surabaya,Information Technology,0.592549178081856,40
State University of Surabaya,Law,0.534647717181326,68
State University of Surabaya,Marketing,0.529754115124648,28
State University of Surabaya,Mathematics,0.516643710156788,46
State University of Surabaya,Physics,0.505693058839437,44
State University of Yogyakarta,Accounting,0.532512932887341,255
State University of Yogyakarta,Biology,0.539800327791677,33
State University of Yogyakarta,Business,0.514861775816438,231
State University of Yogyakarta,Chemistry,0.478045437589011,150
State University of Yogyakarta,Economics,0.504878560511827,26
State University of Yogyakarta,Education,0.485945945553573,1646
State University of Yogyakarta,Engineering,0.495200636522862,560
State University of Yogyakarta,Finance,0.537861949757579,33
State University of Yogyakarta,Information Technology,0.620318631555419,40
State University of Yogyakarta,Marketing,0.523277373772656,20
State University of Yogyakarta,Mathematics,0.550507518683317,109
State University of Yogyakarta,Physics,0.535096538793346,99
Stie Ekuitas,Accounting,0.548115839586713,75
Stie Ekuitas,Business,0.526331695429387,113
Stie Ekuitas,Economics,0.517349330787853,15
Stie Ekuitas,Finance,0.506314134519385,13
Stie Indonesia Banjarmasin,Accounting,0.502577109938798,10
Stie Malangkucecwara,Accounting,0.526923602334723,116
Stie Malangkucecwara,Business,0.519164725322192,73
Stie Malangkucecwara,Economics,0.49164151903521,25
Stie Malangkucecwara,Finance,0.547585114333842,28
Stie Perbanas Surabaya,Accounting,0.563839176903361,102
Stie Perbanas Surabaya,Business,0.533746945020771,76
Stie Perbanas Surabaya,Economics,0.521548402650967,20
Stie Perbanas Surabaya,Finance,0.560090747564477,23
Stie Perbanas Surabaya,Marketing,0.506302944682543,14
Stikubank University,Accounting,0.525596551869249,103
Stikubank University,Business,0.515508221027302,82
Stikubank University,Economics,0.483075439976975,24
Stikubank University,Engineering,0.602934272831761,67
Stikubank University,Information Technology,0.562117172447509,95
Stimi Handayani,Business,0.463710304346289,64
Stimi Handayani,Economics,0.492379212268161,14
Stiper Institute of Agriculture,Business,0.515360364875502,40
Stiper Institute of Agriculture,Engineering,0.402051035895683,40
Stmik Likmi,Business,0.529840159030272,39
Stmik Likmi,Engineering,0.626825423771459,28
Stmik Likmi,Information Technology,0.641069867590042,24
Stmik Sinar Nusantara,Information Technology,0.647925220075811,20
Subang University,Engineering,0.460277543446615,27
Sukuma College of Management,Business,0.464145244664885,16
Sultan Ageng Tirtayasa University,Accounting,0.549627962821189,239
Sultan Ageng Tirtayasa University,Business,0.53713567003832,313
Sultan Ageng Tirtayasa University,Economics,0.53000986369622,128
Sultan Ageng Tirtayasa University,Education,0.456914267662695,433
Sultan Ageng Tirtayasa University,Engineering,0.468273324219699,1539
Sultan Ageng Tirtayasa University,Finance,0.538048613274517,32
Sultan Ageng Tirtayasa University,Law,0.514400370648991,313
Sultan Ageng Tirtayasa University,Marketing,0.522903940956245,17
Sultan Agung Islamic University,Accounting,0.537559743212174,141
Sultan Agung Islamic University,Business,0.526607188016562,114
Sultan Agung Islamic University,Economics,0.536341684585615,20
Sultan Agung Islamic University,Education,0.482584929429961,50
Sultan Agung Islamic University,Engineering,0.473191485278153,322
Sultan Agung Islamic University,Finance,0.567710389416513,17
Sultan Agung Islamic University,Information Technology,0.598024691143001,12
Sultan Agung Islamic University,Law,0.512119406343926,98
Sultan Agung Islamic University,Marketing,0.558822156646936,17
Sultan Agung Islamic University,Medicine,0.497821903839949,19
Sultan Agung Islamic University,Nursing,0.414255568323044,12
Sumatera Utara University,Accounting,0.531968647120835,620
Sumatera Utara University,Architecture,0.48861819801635,236
Sumatera Utara University,Biology,0.478049865153555,22
Sumatera Utara University,Business,0.511447894779916,910
Sumatera Utara University,Chemistry,0.474570755044296,196
Sumatera Utara University,Economics,0.530223892094782,359
Sumatera Utara University,Education,0.459258785056424,28
Sumatera Utara University,Engineering,0.495805239167353,2607
Sumatera Utara University,Finance,0.529585369404068,79
Sumatera Utara University,Information Technology,0.635652439344419,192
Sumatera Utara University,Law,0.513430517986616,760
Sumatera Utara University,Marketing,0.507346413352236,18
Sumatera Utara University,Mathematics,0.53744347666932,108
Sumatera Utara University,Medicine,0.476302029925935,83
Sumatera Utara University,Nursing,0.448163311072146,50
Sumatera Utara University,Physics,0.454561263399748,94
Sumatera Utara University,Statistics,0.557270492451021,10
Sumatra Istitute of Technology,Architecture,0.492890255249187,83
Sumatra Istitute of Technology,Engineering,0.516671916338686,483
Sumatra Istitute of Technology,Mathematics,0.535629243466915,10
Sumatra Istitute of Technology,Physics,0.48636866990018,11
Sunan Ampel State Islamic University,Architecture,0.490889513581627,28
Sunan Ampel State Islamic University,Business,0.502446964682746,46
Sunan Ampel State Islamic University,Economics,0.527383898453342,44
Sunan Ampel State Islamic University,Education,0.462505284147172,70
Sunan Ampel State Islamic University,Engineering,0.561703104583462,34
Sunan Ampel State Islamic University,Law,0.530309015572866,64
Sunan Giri University,Engineering,0.374957091190303,28
Sunan Gunung Djati State Islamic University,Business,0.518419580566539,134
Sunan Gunung Djati State Islamic University,Chemistry,0.488298155689921,37
Sunan Gunung Djati State Islamic University,Economics,0.563566542754634,20
Sunan Gunung Djati State Islamic University,Education,0.459179960340572,139
Sunan Gunung Djati State Islamic University,Engineering,0.583004993705165,144
Sunan Gunung Djati State Islamic University,Information Technology,0.660918373284751,21
Sunan Gunung Djati State Islamic University,Law,0.487720768420634,80
Sunan Gunung Djati State Islamic University,Mathematics,0.541046622476927,26
Sunan Gunung Djati State Islamic University,Physics,0.52479623755289,27
Surabaya '45 University,Engineering,0.596996142288078,15
Surabaya University,Accounting,0.540066625518572,551
Surabaya University,Business,0.521208885355539,539
Surabaya University,Economics,0.519887550756299,143
Surabaya University,Engineering,0.519522218697103,956
Surabaya University,Finance,0.538013844688947,96
Surabaya University,Information Technology,0.660449032250014,154
Surabaya University,Law,0.496183094972218,298
Surabaya University,Marketing,0.523005707261214,40
Surakarta College of Economics,Business,0.46963819960305,13
Surakarta State Islamic Institute,Business,0.584767737405058,15
Surakarta State Islamic Institute,Education,0.502507130069509,34
Surya University,Business,0.512602429431898,23
Surya University,Engineering,0.555659561759134,126
Suryadarma Aerospace Engineering University,Business,0.467334768778468,23
Suryadarma Aerospace Engineering University,Engineering,0.472888564538085,96
Suryakancana University,Education,0.424523464795013,52
Suryakancana University,Engineering,0.575711980962984,31
Suryakancana University,Information Technology,0.701709357716088,12
Suryakancana University,Law,0.503109076167096,31
Sutomo University,Engineering,0.326034749614886,10
Swiss German University,Accounting,0.547111696216591,46
Swiss German University,Business,0.504984629589399,439
Swiss German University,Engineering,0.521008152982686,714
Swiss German University,Finance,0.575198344362676,17
Swiss German University,Information Technology,0.630811243594945,76
Swiss German University,Marketing,0.498842573054714,12
Syiah Kuala University,Accounting,0.54088148839662,153
Syiah Kuala University,Architecture,0.498631508304291,109
Syiah Kuala University,Business,0.509314433843651,153
Syiah Kuala University,Chemistry,0.501324773957641,31
Syiah Kuala University,Economics,0.52495554613788,111
Syiah Kuala University,Education,0.457703197584859,206
Syiah Kuala University,Engineering,0.475371851322761,1037
Syiah Kuala University,Finance,0.534494975309524,26
Syiah Kuala University,Information Technology,0.680128806339366,14
Syiah Kuala University,Law,0.512145324610781,159
Syiah Kuala University,Mathematics,0.50056223120953,31
Syiah Kuala University,Medicine,0.44206810767049,105
Syiah Kuala University,Nursing,0.425427177728262,16
Syiah Kuala University,Physics,0.476991128227622,23
Syiah Kuala University,Statistics,0.561621074498616,36
Tadulako University,Accounting,0.53857904091143,19
Tadulako University,Architecture,0.388385777499489,14
Tadulako University,Business,0.536317013914749,23
Tadulako University,Economics,0.493075659329541,10
Tadulako University,Education,0.451595745439802,51
Tadulako University,Engineering,0.463437760790963,60
Tadulako University,Law,0.484864521278789,19
Tama Jagakarsa University,Accounting,0.560055857244599,48
Tama Jagakarsa University,Business,0.509505131197534,54
Tama Jagakarsa University,Economics,0.523775408185042,15
Tama Jagakarsa University,Education,0.508830990034051,12
Tama Jagakarsa University,Engineering,0.467055466858077,44
Tama Jagakarsa University,Information Technology,0.4992579600638,16
Tama Jagakarsa University,Law,0.511550127064106,38
Tanjungpura University,Accounting,0.512151860953262,187
Tanjungpura University,Architecture,0.471367426173593,32
Tanjungpura University,Business,0.516612494041462,174
Tanjungpura University,Chemistry,0.507753925258545,34
Tanjungpura University,Economics,0.510615503322935,65
Tanjungpura University,Education,0.487345300855021,208
Tanjungpura University,Engineering,0.512199735361293,274
Tanjungpura University,Finance,0.507266902326286,27
Tanjungpura University,Information Technology,0.668779261997749,18
Tanjungpura University,Law,0.502064767432449,113
Tanjungpura University,Marketing,0.539085305534119,15
Tanjungpura University,Mathematics,0.540501363539607,12
Tanjungpura University,Medicine,0.442255027088499,16
Tanjungpura University,Nursing,0.481491566878577,10
Tanjungpura University,Physics,0.51608192795229,15
Tanjungpura University,Statistics,0.515420723268325,15
Tanri Abeng University,Accounting,0.51764393639999,19
Tanri Abeng University,Business,0.516127332816368,53
Tanri Abeng University,Engineering,0.578205728350031,19
Tarumanagara University,Accounting,0.531744186164385,77
Tarumanagara University,Architecture,0.499320606939165,15
Tarumanagara University,Business,0.518510163857844,32
Tarumanagara University,Economics,0.516486639473242,19
Tarumanagara University,Engineering,0.538922732186827,39
Tarumanagara University,Information Technology,0.569163345771353,10
Tarumanagara University,Law,0.502008558591109,15
Technological University of Sumbawa,Engineering,0.489919719147408,34
Telkom University,Accounting,0.539272584933985,632
Telkom University,Business,0.538472055594951,2779
Telkom University,Economics,0.537169867867906,45
Telkom University,Engineering,0.58414974458486,6055
Telkom University,Finance,0.546440345054848,90
Telkom University,Information Technology,0.632315103010116,276
Telkom University,Marketing,0.534332558157902,364
Tidar University,Economics,0.49728453344461,18
Tidar University,Education,0.521108941063811,68
Tidar University,Engineering,0.466883359290603,77
Toraja Christian University of Indonesia,Education,0.410962464975614,12
Tourism Polytechnic of Makassar,Business,0.481155676356485,16
Tri Bhakti Business School,Accounting,0.565728393826039,11
Tribhuwana Tunggadewi University,Engineering,0.318687535325694,10
Tribuana College of Economics,Accounting,0.511493706798951,24
Tribuana College of Economics,Business,0.513652858445257,60
Tribuana College of Economics,Economics,0.469174963024787,14
Tridharma College of Economics,Accounting,0.465846763873856,11
Tridharma College of Economics,Business,0.506622944174267,20
Tridinanti University,Accounting,0.516433713272286,50
Tridinanti University,Business,0.537512953385277,18
Tridinanti University,Economics,0.507120776444246,15
Tridinanti University,Engineering,0.411765888019087,83
Trilogi University,Accounting,0.542076369376742,212
Trilogi University,Business,0.543801743698243,214
Trilogi University,Economics,0.504892380308285,35
Trilogi University,Education,0.445419461146068,12
Trilogi University,Finance,0.54493627571569,27
Trilogi University,Information Technology,0.670602721775656,24
Trilogi University,Marketing,0.484394534008174,17
Trisakti Institute of Tourism,Business,0.452628449171061,90
Trisakti School of Management,Accounting,0.540601019733989,1868
Trisakti School of Management,Business,0.53215348470598,654
Trisakti School of Management,Economics,0.542598919509766,181
Trisakti School of Management,Finance,0.533384407499544,467
Trisakti School of Management,Marketing,0.501388110309771,42
Trisakti Transport Management Institute,Business,0.524062965158638,793
Trisakti Transport Management Institute,Economics,0.593728779171626,11
Trisakti Transport Management Institute,Engineering,0.474632622281422,37
Trisakti University,Accounting,0.539911658564899,3199
Trisakti University,Architecture,0.475593081945677,577
Trisakti University,Business,0.523417189338392,2392
Trisakti University,Economics,0.52719236053675,930
Trisakti University,Engineering,0.492426880334146,4612
Trisakti University,Finance,0.543691328386108,546
Trisakti University,Information Technology,0.569778665365696,99
Trisakti University,Law,0.502290980287014,1440
Trisakti University,Marketing,0.511523041848911,76
Trisakti University,Medicine,0.440567876180477,104
Trunojoyo University,Accounting,0.527509002100083,45
Trunojoyo University,Business,0.488638459653569,63
Trunojoyo University,Economics,0.449583450093617,32
Trunojoyo University,Education,0.569208188295383,26
Trunojoyo University,Engineering,0.541284577322906,184
Trunojoyo University,Information Technology,0.609514764571823,52
Trunojoyo University,Law,0.501674728151613,51
Tulungagung State Islamic Institute,Education,0.535271550463568,16
Tunas Pembangunan University,Engineering,0.483888862381427,20
UIN Kiai Haji Achmad Siddiq Jember,Education,0.498089102660942,17
UIN Raden Mas Said Surakarta,Accounting,0.564508641519798,12
UIN Raden Mas Said Surakarta,Business,0.514135617517438,20
UIN Raden Mas Said Surakarta,Education,0.547565996767956,30
UIN Raden Mas Said Surakarta,Law,0.526645184216764,15
UIN Sunan Kalijaga Yogyakarta,Accounting,0.571342672958398,10
UIN Sunan Kalijaga Yogyakarta,Business,0.51645492663418,71
UIN Sunan Kalijaga Yogyakarta,Chemistry,0.511704286072693,39
UIN Sunan Kalijaga Yogyakarta,Economics,0.520904900759168,46
UIN Sunan Kalijaga Yogyakarta,Education,0.452483409370778,115
UIN Sunan Kalijaga Yogyakarta,Engineering,0.585706373726237,100
UIN Sunan Kalijaga Yogyakarta,Finance,0.515841721990196,18
UIN Sunan Kalijaga Yogyakarta,Information Technology,0.672348605362118,27
UIN Sunan Kalijaga Yogyakarta,Law,0.516400244752036,99
UIN Sunan Kalijaga Yogyakarta,Mathematics,0.58444099768562,36
UIN Sunan Kalijaga Yogyakarta,Physics,0.508899464453498,26
Udayana University,Accounting,0.554288797139872,426
Udayana University,Architecture,0.463934788505176,279
Udayana University,Biology,0.540323048967483,12
Udayana University,Business,0.514680106200251,713
Udayana University,Chemistry,0.487115827054611,91
Udayana University,Economics,0.527314236780496,338
Udayana University,Education,0.414013582171082,11
Udayana University,Engineering,0.531933043018073,860
Udayana University,Finance,0.564094682186177,81
Udayana University,Information Technology,0.667685501608801,183
Udayana University,Law,0.517177116036397,418
Udayana University,Marketing,0.500678259066155,37
Udayana University,Mathematics,0.577830387507447,51
Udayana University,Medicine,0.435000552675374,163
Udayana University,Nursing,0.404853293633606,33
Udayana University,Physics,0.485325874832049,33
Udayana University,Statistics,0.500410332212621,12
UniSadhuGuna Business School,Business,0.526705334152818,64
UniSadhuGuna Business School,Economics,0.514384009658538,17
Universitas Bandung Raya,Business,0.55369301843648,10
Universitas Bandung Raya,Engineering,0.511230750814543,17
Universitas Binaniaga Indonesia,Business,0.55619881455647,54
Universitas Binaniaga Indonesia,Engineering,0.713434028942072,19
Universitas Binawan,Nursing,0.48837519907548,27
Universitas Bung Karno,Accounting,0.546825587959354,54
Universitas Bung Karno,Business,0.522277875443498,70
Universitas Bung Karno,Economics,0.541518000454484,28
Universitas Bung Karno,Engineering,0.476573439240476,47
Universitas Bung Karno,Finance,0.510466743247717,13
Universitas Bung Karno,Law,0.505686305204169,119
Universitas Cenderawasih,Business,0.607091165654651,11
Universitas Cenderawasih,Education,0.466127987919565,33
Universitas Cenderawasih,Engineering,0.510774776530309,26
Universitas Ciputra Surabaya,Accounting,0.550664925812327,40
Universitas Ciputra Surabaya,Architecture,0.493173841398356,72
Universitas Ciputra Surabaya,Business,0.498221545563446,793
Universitas Ciputra Surabaya,Economics,0.511649111094165,19
Universitas Ciputra Surabaya,Engineering,0.568042791252528,31
Universitas Ciputra Surabaya,Information Technology,0.577529521144263,51
Universitas Ciputra Surabaya,Marketing,0.501491159291311,28
Universitas DIPA Makassar,Engineering,0.628632408184153,29
Universitas DIPA Makassar,Information Technology,0.575618427141041,19
Universitas Darussalam Gontor,Business,0.476164293930629,25
Universitas Darussalam Gontor,Economics,0.484630199436145,43
Universitas Darussalam Gontor,Education,0.400794860422304,29
Universitas Darussalam Gontor,Law,0.485496682779401,22
Universitas Dinamika (Stikom Surabaya),Business,0.573740108786595,29
Universitas Dinamika (Stikom Surabaya),Engineering,0.60495496511605,67
Universitas Dinamika (Stikom Surabaya),Information Technology,0.608222363921349,35
Universitas Dinamika Bangsa,Engineering,0.566761235827665,55
Universitas Dinamika Bangsa,Information Technology,0.57572132077233,43
Universitas Dirgantara Marsekal Suryadarma,Business,0.53433179845084,30
Universitas Dirgantara Marsekal Suryadarma,Engineering,0.425388899169185,184
Universitas Dirgantara Marsekal Suryadarma,Law,0.494377998043749,13
Universitas HKBP Nommensen,Accounting,0.546647229626258,144
Universitas HKBP Nommensen,Business,0.53993932899073,60
Universitas HKBP Nommensen,Economics,0.531201874330752,38
Universitas HKBP Nommensen,Education,0.446353763132928,231
Universitas HKBP Nommensen,Engineering,0.454539699504911,50
Universitas HKBP Nommensen,Finance,0.514611969384431,15
Universitas HKBP Nommensen,Law,0.526894460062743,76
Universitas Ibnu Sina,Business,0.517087672009033,28
Universitas Ibnu Sina,Economics,0.329169146488285,11
Universitas Ibnu Sina,Engineering,0.4091537296079,55
Universitas Insan Pembangunan Indonesia,Business,0.485422723490704,25
Universitas Insan Pembangunan Indonesia,Engineering,0.57344607652421,19
Universitas Islam 45 Bekasi,Accounting,0.505793662579384,47
Universitas Islam 45 Bekasi,Business,0.503711822834751,58
Universitas Islam 45 Bekasi,Economics,0.578778613915548,20
Universitas Islam 45 Bekasi,Education,0.412808081248894,33
Universitas Islam 45 Bekasi,Engineering,0.447667987013355,65
Universitas Islam Attahiriyah,Accounting,0.562005791158614,10
Universitas Islam Attahiriyah,Business,0.497045748410691,29
Universitas Islam Attahiriyah,Economics,0.499103067587036,17
Universitas Islam Attahiriyah,Information Technology,0.550806306440894,12
Universitas Islam Attahiriyah,Law,0.483327932399249,26
Universitas Islam Batik Surakarta,Accounting,0.526781460402758,26
Universitas Islam Batik Surakarta,Business,0.393559737890761,22
Universitas Islam Batik Surakarta,Economics,0.520848752931776,13
Universitas Islam Batik Surakarta,Law,0.513813998197207,10
Universitas Islam Negeri Alauddin,Business,0.506655221435365,11
Universitas Islam Negeri Alauddin,Economics,0.559083139836159,12
Universitas Islam Negeri Alauddin,Education,0.495558806235955,57
Universitas Islam Negeri Alauddin,Engineering,0.663110302508934,38
Universitas Islam Negeri Alauddin,Information Technology,0.626342882994209,27
Universitas Islam Negeri Alauddin,Law,0.501024472244863,18
Universitas Islam Negeri Sumatera Utara,Accounting,0.487655104329509,20
Universitas Islam Negeri Sumatera Utara,Business,0.540014582404771,15
Universitas Islam Negeri Sumatera Utara,Economics,0.559184260102089,30
Universitas Islam Negeri Sumatera Utara,Education,0.477829115127184,69
Universitas Islam Negeri Sumatera Utara,Engineering,0.60920284061831,12
Universitas Islam Negeri Sumatera Utara,Law,0.518400460893039,18
Universitas Islam Riau,Accounting,0.53787803983961,44
Universitas Islam Riau,Business,0.523245021388361,53
Universitas Islam Riau,Economics,0.487830722006941,16
Universitas Islam Riau,Education,0.486114482177123,82
Universitas Islam Riau,Engineering,0.441155144441827,342
Universitas Islam Riau,Law,0.495936763108688,83
Universitas Jambi,Accounting,0.515009501865447,81
Universitas Jambi,Business,0.494979205612176,93
Universitas Jambi,Chemistry,0.474182684794334,26
Universitas Jambi,Economics,0.533448814567002,64
Universitas Jambi,Education,0.47174320991204,201
Universitas Jambi,Engineering,0.483815719719891,132
Universitas Jambi,Law,0.527912251039819,118
Universitas Jenderal Achmad Yani Yogyakarta,Information Technology,0.563460808442376,14
Universitas Kristen Duta Wacana,Accounting,0.534293584515138,87
Universitas Kristen Duta Wacana,Architecture,0.480711653849944,111
Universitas Kristen Duta Wacana,Biology,0.478543590231764,14
Universitas Kristen Duta Wacana,Business,0.534759954221122,137
Universitas Kristen Duta Wacana,Economics,0.539314265056228,27
Universitas Kristen Duta Wacana,Education,0.387189420227371,11
Universitas Kristen Duta Wacana,Engineering,0.611308872996857,134
Universitas Kristen Duta Wacana,Finance,0.506819153732232,26
Universitas Kristen Duta Wacana,Information Technology,0.646938887531444,311
Universitas Kristen Duta Wacana,Medicine,0.400499364835462,15
Universitas Kristen Krida Wacana,Accounting,0.540770410054954,173
Universitas Kristen Krida Wacana,Business,0.54296919375465,118
Universitas Kristen Krida Wacana,Economics,0.500984800614015,43
Universitas Kristen Krida Wacana,Engineering,0.507324265429871,114
Universitas Kristen Krida Wacana,Finance,0.537936152563263,24
Universitas Kristen Krida Wacana,Information Technology,0.618275331363473,33
Universitas Kristen Krida Wacana,Marketing,0.553391101942515,10
Universitas Kristen Krida Wacana,Medicine,0.497367107708594,47
Universitas Lambung Mangkurat,Accounting,0.532755016142349,99
Universitas Lambung Mangkurat,Architecture,0.465011447492893,64
Universitas Lambung Mangkurat,Business,0.519241375947483,133
Universitas Lambung Mangkurat,Chemistry,0.434344109267295,39
Universitas Lambung Mangkurat,Economics,0.497604999403361,30
Universitas Lambung Mangkurat,Education,0.463870767229277,183
Universitas Lambung Mangkurat,Engineering,0.472494206014051,399
Universitas Lambung Mangkurat,Law,0.505720511281717,115
Universitas Lambung Mangkurat,Mathematics,0.515416727246908,23
Universitas Lambung Mangkurat,Medicine,0.463513998955054,15
Universitas Lambung Mangkurat,Physics,0.345803717400551,11
Universitas Logistik Dan Bisnis Internasional,Business,0.493708199545178,26
Universitas Mh Thamrin,Accounting,0.554174579072153,134
Universitas Mh Thamrin,Business,0.541420745222938,200
Universitas Mh Thamrin,Economics,0.551589402190129,70
Universitas Mh Thamrin,Engineering,0.603744432231103,62
Universitas Mh Thamrin,Finance,0.519906740469366,12
Universitas Mh Thamrin,Information Technology,0.66581017369279,76
Universitas Mpu Tantular,Accounting,0.563446277292942,21
Universitas Mpu Tantular,Business,0.579845616889975,10
Universitas Mpu Tantular,Engineering,0.494266293987634,53
Universitas Mpu Tantular,Information Technology,0.568077049544279,33
Universitas Mpu Tantular,Law,0.512663154920559,49
Universitas Muhammadiyah Malang,Accounting,0.53611899371668,34
Universitas Muhammadiyah Malang,Business,0.510195579317289,35
Universitas Muhammadiyah Malang,Economics,0.543153197455204,24
Universitas Muhammadiyah Malang,Education,0.44104589700402,45
Universitas Muhammadiyah Malang,Engineering,0.444229596512059,119
Universitas Muhammadiyah Malang,Information Technology,0.667226411394987,10
Universitas Muhammadiyah Malang,Law,0.516920523274978,30
Universitas Multimedia Nusantara,Accounting,0.545642800801236,241
Universitas Multimedia Nusantara,Architecture,0.499648841508848,34
Universitas Multimedia Nusantara,Business,0.541230658498043,487
Universitas Multimedia Nusantara,Economics,0.51026766133183,41
Universitas Multimedia Nusantara,Engineering,0.672104983086403,303
Universitas Multimedia Nusantara,Finance,0.530536835068619,29
Universitas Multimedia Nusantara,Information Technology,0.700778872328654,150
Universitas Multimedia Nusantara,Marketing,0.547914217774424,149
Universitas Negeri Manado,Accounting,0.543129006894553,16
Universitas Negeri Manado,Business,0.502107655446271,22
Universitas Negeri Manado,Economics,0.479032584236689,13
Universitas Negeri Manado,Education,0.453989319798755,148
Universitas Negeri Manado,Information Technology,0.483584675863736,13
Universitas Negeri Manado,Law,0.525603530814654,23
Universitas Negeri Manado,Physics,0.497651460515128,25
Universitas Negeri Padang,Accounting,0.543527308022868,101
Universitas Negeri Padang,Biology,0.450898457459518,10
Universitas Negeri Padang,Business,0.504280924619684,202
Universitas Negeri Padang,Chemistry,0.494378002743632,69
Universitas Negeri Padang,Economics,0.52273377187478,76
Universitas Negeri Padang,Education,0.46703542253933,663
Universitas Negeri Padang,Engineering,0.473370237098433,366
Universitas Negeri Padang,Finance,0.591672591130853,11
Universitas Negeri Padang,Information Technology,0.631685255589817,19
Universitas Negeri Padang,Marketing,0.535130301526715,21
Universitas Negeri Padang,Mathematics,0.536891181891121,43
Universitas Negeri Padang,Physics,0.503695908838532,31
Universitas Nusa Bangsa,Business,0.540999546075799,22
Universitas Nusa Bangsa,Chemistry,0.486166843137805,133
Universitas Nusa Mandiri,Business,0.564439650190345,33
Universitas Nusa Mandiri,Engineering,0.589395491249679,52
Universitas Nusa Mandiri,Information Technology,0.607770950657099,70
Universitas Palembang,Accounting,0.561830740805599,44
Universitas Palembang,Business,0.511851270796969,46
Universitas Palembang,Economics,0.524654008625891,23
Universitas Palembang,Education,0.481498130006907,30
Universitas Palembang,Engineering,0.396425833174473,152
Universitas Palembang,Law,0.440105486671765,24
Universitas Pamulang,Accounting,0.543563977794121,584
Universitas Pamulang,Business,0.513850509700123,1040
Universitas Pamulang,Economics,0.534118182857204,206
Universitas Pamulang,Education,0.46295239370335,59
Universitas Pamulang,Engineering,0.523104620055089,653
Universitas Pamulang,Finance,0.533658645705462,87
Universitas Pamulang,Information Technology,0.627447492435227,416
Universitas Pamulang,Law,0.517745764368809,187
Universitas Pamulang,Marketing,0.499882061875226,68
Universitas Pamulang,Mathematics,0.478959728797538,17
Universitas Pamulang,Nursing,0.412963424791524,11
Universitas Pattimura,Accounting,0.603631723104238,11
Universitas Pattimura,Business,0.505007343651007,19
Universitas Pattimura,Economics,0.503541557440846,11
Universitas Pattimura,Education,0.463132755860426,66
Universitas Pattimura,Engineering,0.466413553324967,51
Universitas Pattimura,Law,0.511641402466704,37
Universitas Pattimura,Mathematics,0.585752912834323,10
Universitas Pekalongan,Accounting,0.55795675280312,19
Universitas Pekalongan,Business,0.497716515119889,23
Universitas Pekalongan,Economics,0.613986838639066,12
Universitas Pekalongan,Education,0.400798446252785,30
Universitas Pekalongan,Law,0.516243827749557,20
Universitas Pelita Bangsa (UPB),Business,0.45317573164995,221
Universitas Pelita Bangsa (UPB),Economics,0.350062327934822,16
Universitas Pelita Bangsa (UPB),Engineering,0.448453603698931,72
Universitas Pelita Bangsa (UPB),Information Technology,0.537040966842396,51
Universitas Pelita Bangsa (UPB),Marketing,0.428098661988599,17
Universitas Persada Indonesia 'YAI',Accounting,0.543387072533255,490
Universitas Persada Indonesia 'YAI',Architecture,0.47913004188855,28
Universitas Persada Indonesia 'YAI',Business,0.529567467081034,386
Universitas Persada Indonesia 'YAI',Economics,0.532651618436077,191
Universitas Persada Indonesia 'YAI',Engineering,0.536291820291417,221
Universitas Persada Indonesia 'YAI',Finance,0.551938474819523,87
Universitas Persada Indonesia 'YAI',Information Technology,0.606945151803996,179
Universitas Persada Indonesia 'YAI',Marketing,0.552197945615699,21
Universitas Pgri Yogyakarta,Accounting,0.513052436292916,18
Universitas Pgri Yogyakarta,Business,0.536071694636125,15
Universitas Pgri Yogyakarta,Education,0.494746909132746,38
Universitas Pgri Yogyakarta,Engineering,0.528925880757504,10
Universitas Pgri Yogyakarta,Information Technology,0.654101225932306,10
Universitas Putera Batam,Accounting,0.522585935797257,107
Universitas Putera Batam,Business,0.534083323311517,172
Universitas Putera Batam,Engineering,0.50816043006716,189
Universitas Putera Batam,Finance,0.582217782463577,10
Universitas Putera Batam,Information Technology,0.561757233566828,74
Universitas Putera Batam,Law,0.495450828350793,21
Universitas Sains dan Teknologi Jayapura (USTJ),Engineering,0.408917561319248,18
Universitas Sains dan Teknologi Komputer (STEKOM),Engineering,0.57567399538429,16
Universitas Samudra,Education,0.446857295393221,16
Universitas Samudra,Engineering,0.464735325533835,17
Universitas Surakarta,Business,0.401170782052758,11
Universitas Surakarta,Engineering,0.507676562761179,35
Universitas Surakarta,Information Technology,0.544130627593551,12
Universitas Swadaya Gunung Jati,Accounting,0.555062720414043,70
Universitas Swadaya Gunung Jati,Business,0.513649234058288,79
Universitas Swadaya Gunung Jati,Economics,0.572356635378855,37
Universitas Swadaya Gunung Jati,Education,0.503537658442763,133
Universitas Swadaya Gunung Jati,Engineering,0.506122753435552,53
Universitas Swadaya Gunung Jati,Law,0.542534358528939,34
Universitas Tarumanagara,Accounting,0.538191439372493,2636
Universitas Tarumanagara,Architecture,0.492882240931985,1048
Universitas Tarumanagara,Business,0.52365500140281,1360
Universitas Tarumanagara,Economics,0.520412376677531,778
Universitas Tarumanagara,Engineering,0.519458840827152,1539
Universitas Tarumanagara,Finance,0.526749463273363,425
Universitas Tarumanagara,Information Technology,0.620436982201372,351
Universitas Tarumanagara,Law,0.51167125012798,698
Universitas Tarumanagara,Marketing,0.515976913736287,74
Universitas Tarumanagara,Medicine,0.441767615611432,69
Universitas Teknologi AKBA Makassar,Engineering,0.615307032321363,13
Universitas Teknologi Bandung,Engineering,0.454970655657329,123
Universitas Teknologi Bandung,Information Technology,0.593051660737068,11
Universitas Teknologi Digital Indonesia,Business,0.525257517221695,17
Universitas Teknologi Digital Indonesia,Engineering,0.670856312233907,100
Universitas Teknologi Digital Indonesia,Information Technology,0.660409151642,125
Universitas Teknologi Sumbawa,Engineering,0.538960444448706,26
Universitas Teknologi Yogyakarta,Accounting,0.53663701839526,175
Universitas Teknologi Yogyakarta,Architecture,0.474576150551651,116
Universitas Teknologi Yogyakarta,Business,0.526350128299099,134
Universitas Teknologi Yogyakarta,Economics,0.554987051575729,19
Universitas Teknologi Yogyakarta,Engineering,0.538554633116942,333
Universitas Teknologi Yogyakarta,Finance,0.499103076801423,20
Universitas Teknologi Yogyakarta,Information Technology,0.639727105087152,99
Universitas Teknologi Yogyakarta,Marketing,0.534089262254607,10
Universitas Tidar Magelang,Economics,0.474123626992881,12
Universitas Tidar Magelang,Education,0.457127483353658,37
Universitas Tidar Magelang,Engineering,0.50340601931985,24
Universitas Universal,Accounting,0.568190019891796,12
Universitas Universal,Business,0.548929402223407,15
Universitas Universal,Engineering,0.54844826958381,10
Universitas Winaya Mukti,Business,0.52532628111153,28
Universitas Winaya Mukti,Economics,0.434163528179189,12
Universitas Winaya Mukti,Engineering,0.507202569967548,27
Universitas Yarsi,Accounting,0.548992599621673,107
Universitas Yarsi,Business,0.519564177583362,142
Universitas Yarsi,Economics,0.519739235275759,64
Universitas Yarsi,Engineering,0.679946137709187,51
Universitas Yarsi,Finance,0.548179999138633,15
Universitas Yarsi,Information Technology,0.63064365705478,118
Universitas Yarsi,Law,0.510265432310078,131
Universitas Yarsi,Medicine,0.535264214328231,120
University 17 August 1945 Jakarta,Accounting,0.570453849114419,17
University 17 August 1945 Jakarta,Business,0.512610502513791,43
University 17 August 1945 Jakarta,Economics,0.517454050974525,17
University 17 August 1945 Jakarta,Engineering,0.477455876448072,43
University 17 August 1945 Jakarta,Law,0.499778103735928,40
University of Muhammadiyah Jakarta,Accounting,0.516118720895133,11
University of Muhammadiyah Jakarta,Engineering,0.482722046824689,32
University of Nusa Cendana,Business,0.530916407534827,12
University of Nusa Cendana,Chemistry,0.452213094474813,15
University of Nusa Cendana,Education,0.46576200492939,52
University of Nusa Cendana,Engineering,0.497890190563527,51
University of Nusa Cendana,Law,0.500883621601871,11
University of Pradita,Business,0.568537599912265,18
University of Pradita,Engineering,0.567565913745182,13
University of Pradita,Information Technology,0.668510318211519,23
University of Prima Indonesia,Accounting,0.54776054310579,150
University of Prima Indonesia,Business,0.503698669788867,168
University of Prima Indonesia,Economics,0.56704616790086,23
University of Prima Indonesia,Education,0.412380767365678,36
University of Prima Indonesia,Engineering,0.566589400249671,69
University of Prima Indonesia,Finance,0.550260519922768,35
University of Prima Indonesia,Information Technology,0.61921881121199,33
University of Prima Indonesia,Law,0.511727231101625,53
University of Putera Batam,Engineering,0.487848232966964,10
University of Riau Islands,Accounting,0.504323024665545,42
University of Riau Islands,Business,0.51903175659365,62
University of Riau Islands,Economics,0.539609656741879,29
University of Riau Islands,Education,0.499210030987465,58
University of Riau Islands,Engineering,0.425150826616051,191
University of Riau Islands,Finance,0.594390505700823,17
University of Riau Islands,Law,0.508998002348965,17
Untrim International,Business,0.489710973722749,25
Veteran National Development University of Jakarta,Accounting,0.54941564662117,537
Veteran National Development University of Jakarta,Business,0.544736915149739,557
Veteran National Development University of Jakarta,Economics,0.542644019136293,161
Veteran National Development University of Jakarta,Education,0.452711999047988,26
Veteran National Development University of Jakarta,Engineering,0.5522730688012,528
Veteran National Development University of Jakarta,Finance,0.54144394728074,62
Veteran National Development University of Jakarta,Information Technology,0.643900681093069,135
Veteran National Development University of Jakarta,Law,0.518370606260946,392
Veteran National Development University of Jakarta,Marketing,0.531560305672888,29
Veteran National Development University of Jakarta,Medicine,0.465113400081878,64
Veteran National Development University of Jakarta,Nursing,0.452689242503828,89
Veteran National Development University of Yogyakarta,Accounting,0.546054512834326,293
Veteran National Development University of Yogyakarta,Business,0.525677191981563,660
Veteran National Development University of Yogyakarta,Economics,0.539191750774891,183
Veteran National Development University of Yogyakarta,Engineering,0.473387575549628,3757
Veteran National Development University of Yogyakarta,Finance,0.552073776375215,30
Veteran National Development University of Yogyakarta,Information Technology,0.63184364919324,124
Veteran National Development University of Yogyakarta,Marketing,0.532819648249745,32
W.R. Supratman University,Engineering,0.48946341185267,10
Wahid Hasyim University,Accounting,0.426937475968167,10
Wahid Hasyim University,Business,0.565830079549002,11
Wahid Hasyim University,Engineering,0.383388819546222,28
Walisongo State Islamic University of Semarang,Accounting,0.566030508687602,13
Walisongo State Islamic University of Semarang,Business,0.476050010198008,16
Walisongo State Islamic University of Semarang,Chemistry,0.383089137350392,10
Walisongo State Islamic University of Semarang,Economics,0.515494875985722,22
Walisongo State Islamic University of Semarang,Education,0.448976659884632,107
Walisongo State Islamic University of Semarang,Law,0.522021617253152,53
Warmadewa University,Accounting,0.567196717947532,89
Warmadewa University,Architecture,0.493755319045183,46
Warmadewa University,Business,0.519625524861404,74
Warmadewa University,Economics,0.446386432637083,46
Warmadewa University,Engineering,0.427479927572889,19
Warmadewa University,Finance,0.577944978978376,20
Warmadewa University,Law,0.489203627533963,46
Widya Dharma University,Accounting,0.550146584402834,31
Widya Dharma University,Business,0.5179613032673,41
Widya Dharma University,Engineering,0.64225895308656,17
Widya Dharma University,Information Technology,0.677774512822302,17
Widya Dharma University of Klaten,Business,0.53462034272458,10
Widya Dharma University of Klaten,Education,0.481657596078205,16
Widya Gama University of Malang,Accounting,0.518125302278454,33
Widya Gama University of Malang,Business,0.492283352182755,21
Widya Gama University of Malang,Economics,0.536973635856506,10
Widya Gama University of Malang,Engineering,0.473853581656462,87
Widya Gama University of Malang,Law,0.591229535120652,14
Widya Kartika University,Accounting,0.533719816324946,31
Widya Kartika University,Architecture,0.473792163926409,14
Widya Kartika University,Business,0.49247107250386,38
Widya Kartika University,Engineering,0.521215005528698,25
Widya Kartika University,Information Technology,0.690047899544233,20
Widya Karya Catholic University,Accounting,0.513914828961877,27
Widya Karya Catholic University,Business,0.452238750338394,19
Widya Mandala Catholic University of Surabaya,Accounting,0.541003688279379,421
Widya Mandala Catholic University of Surabaya,Business,0.515010878957483,357
Widya Mandala Catholic University of Surabaya,Economics,0.499837762323625,38
Widya Mandala Catholic University of Surabaya,Education,0.455726623085144,123
Widya Mandala Catholic University of Surabaya,Engineering,0.489884794855753,305
Widya Mandala Catholic University of Surabaya,Finance,0.535732363563571,47
Widya Mandala Catholic University of Surabaya,Marketing,0.483211205997163,22
Widya Mandala Catholic University of Surabaya,Nursing,0.439099906443997,13
Widya Putra University,Business,0.464459307220599,60
Widya Putra University,Economics,0.491825641043822,16
Widya Putra University,Engineering,0.37377654040884,17
Widyatama University,Accounting,0.536186056731913,1058
Widyatama University,Business,0.526806816652582,1170
Widyatama University,Economics,0.530284844381181,184
Widyatama University,Engineering,0.552805522335962,389
Widyatama University,Finance,0.530779623692135,120
Widyatama University,Information Technology,0.660875703426399,151
Widyatama University,Marketing,0.516990057386011,55
Wijaya Kusuma University of Purwokerto,Business,0.474934260341573,13
Wijaya Kusuma University of Purwokerto,Engineering,0.521631914447227,14
Wijaya Kusuma University of Purwokerto,Law,0.604159278689636,18
Wijaya Kusuma University of Surabaya,Accounting,0.553723133238028,56
Wijaya Kusuma University of Surabaya,Business,0.521926732110911,70
Wijaya Kusuma University of Surabaya,Economics,0.488818752581361,23
Wijaya Kusuma University of Surabaya,Education,0.497662538385912,64
Wijaya Kusuma University of Surabaya,Engineering,0.5599549493269,41
Wijaya Kusuma University of Surabaya,Law,0.518999326442753,71
Wijaya Kusuma University of Surabaya,Medicine,0.432704461755028,31
Wiralodra University,Education,0.525119022770323,36
Wiralodra University,Law,0.45476717199205,10
Wiraswasta University of Indonesia,Business,0.460625379112619,29
Wiraswasta University of Indonesia,Law,0.549915473200805,15
Wisnuwardhana University,Business,0.539945298725028,10
Yogyakarta Institute of Technology,Engineering,0.463203118231284,136
Yos Sudarso University,Business,0.518331723314136,22
Yos Sudarso University,Economics,0.56723273160394,12
Yos Sudarso University,Law,0.495170411818125,17
Yudharta Pasuruan University,Engineering,0.51424568400838,21
’Aisyiyah University of Yogyakarta,Nursing,0.411104998508337,12
