university_name,field,exposure_alljobs_beta,n_people
ATHON Ensino Superior,Business,0.541680872710403,12
ATHON Ensino Superior,Marketing,0.477898284979434,10
Academia University Centre,Architecture,0.489756209996052,17
Academia University Centre,Education,0.381458563385777,10
Academia University Centre,Engineering,0.573547088123424,16
Adventist University Centre of São Paulo,Accounting,0.550588894773888,24
Adventist University Centre of São Paulo,Architecture,0.49933646814932,13
Adventist University Centre of São Paulo,Business,0.532613639266809,118
Adventist University Centre of São Paulo,Education,0.414447497464964,140
Adventist University Centre of São Paulo,Engineering,0.599270442504371,98
Adventist University Centre of São Paulo,Information Technology,0.627628038944185,23
Adventist University Centre of São Paulo,Law,0.523511175664461,19
Adventist University Centre of São Paulo,Marketing,0.58921547073035,12
Adventist University Centre of São Paulo,Mathematics,0.413921703156273,29
Albert Einstein Israeli Faculty of Health Sciences,Education,0.323818433636041,15
Alves Faria University Centre,Business,0.532603504905883,29
Amparo University Centre - UNIFIA,Education,0.411520330412856,13
Anhanguera Pitágoras Unopar University Centre of Niterói,Business,0.513561768408208,13
Anhanguera Pitágoras Unopar University Centre of Niterói,Engineering,0.573687335778347,45
Anhanguera University Centre - UNIFIAN,Accounting,0.538815568274113,173
Anhanguera University Centre - UNIFIAN,Architecture,0.48689469275179,52
Anhanguera University Centre - UNIFIAN,Business,0.53197434118435,2512
Anhanguera University Centre - UNIFIAN,Education,0.416215178739604,1506
Anhanguera University Centre - UNIFIAN,Engineering,0.522515165782493,1644
Anhanguera University Centre - UNIFIAN,Finance,0.546848451269953,29
Anhanguera University Centre - UNIFIAN,Information Technology,0.678867446502382,101
Anhanguera University Centre - UNIFIAN,Law,0.511925608889805,99
Anhanguera University Centre - UNIFIAN,Marketing,0.515561240490231,377
Anhanguera University Centre - UNIFIAN,Mathematics,0.449632891708415,105
Anhanguera University Centre - UNIFIAN,Medicine,0.346663429340981,21
Anhanguera University Centre - UNIFIAN,Nursing,0.387215829186464,60
Anhanguera-Uniderp University,Accounting,0.582073347484517,13
Anhanguera-Uniderp University,Architecture,0.468504299641529,22
Anhanguera-Uniderp University,Business,0.509002508479884,88
Anhanguera-Uniderp University,Education,0.412498624014648,78
Anhanguera-Uniderp University,Engineering,0.548112604386014,71
Anhanguera-Uniderp University,Law,0.486902146510023,27
Anhanguera-Uniderp University,Marketing,0.46457624900648,12
Anhanguera-Uniderp University,Mathematics,0.497005260384222,24
Anhembi Morumbi University,Accounting,0.53065251770083,112
Anhembi Morumbi University,Architecture,0.495741167328455,182
Anhembi Morumbi University,Business,0.525476058760006,1594
Anhembi Morumbi University,Economics,0.531633779439348,21
Anhembi Morumbi University,Education,0.445436785088578,199
Anhembi Morumbi University,Engineering,0.587741223346171,724
Anhembi Morumbi University,Finance,0.581263288244421,16
Anhembi Morumbi University,Information Technology,0.657538577225495,57
Anhembi Morumbi University,Law,0.476455314146787,51
Anhembi Morumbi University,Marketing,0.526264668880226,948
Anhembi Morumbi University,Medicine,0.415482488998876,74
Anhembi Morumbi University,Nursing,0.376714113266967,25
Araguaia University Centre,Business,0.497271002484519,10
Araguaia University Centre,Education,0.440107535045583,21
Armando Álvares Penteado University Centre,Architecture,0.493588161265864,86
Armando Álvares Penteado University Centre,Business,0.512356251378154,798
Armando Álvares Penteado University Centre,Economics,0.531557329941643,68
Armando Álvares Penteado University Centre,Engineering,0.529129862279143,92
Armando Álvares Penteado University Centre,Law,0.484818214162808,69
Armando Álvares Penteado University Centre,Marketing,0.522362678395651,173
Arnaldo Janssen Faculty,Business,0.53185943547402,17
Arnaldo Janssen Faculty,Law,0.487138750835987,12
Assis Gurgacz Faculty,Engineering,0.46386417759993,14
Assisi Gurgacz University Centre,Education,0.421105193918483,15
Assisi Gurgacz University Centre,Engineering,0.58781276312255,27
Assunção University Centre,Accounting,0.512279761857629,10
Assunção University Centre,Business,0.555402605279519,76
Assunção University Centre,Education,0.406979012999441,64
Assunção University Centre,Engineering,0.644386135105355,35
Ateneu University Centre,Business,0.537495019643875,34
Ateneu University Centre,Education,0.421258107987075,16
Atitus Educação,Architecture,0.4808621077069,13
Atitus Educação,Business,0.488133981361541,10
Atitus Educação,Law,0.496500396619807,11
Augusto Motta University Centre,Accounting,0.563396637734182,14
Augusto Motta University Centre,Architecture,0.49675929576986,21
Augusto Motta University Centre,Business,0.557478122666918,157
Augusto Motta University Centre,Education,0.434097134806829,162
Augusto Motta University Centre,Engineering,0.492291816368919,162
Augusto Motta University Centre,Law,0.454051381487716,13
Augusto Motta University Centre,Marketing,0.533822754688134,21
Augusto Motta University Centre,Mathematics,0.499940702939555,17
Autonomous University Centre of Brazil,Business,0.552396073826445,95
Autonomous University Centre of Brazil,Education,0.380939813749697,36
Autonomous University Centre of Brazil,Engineering,0.564220048017108,21
Autonomous University Centre of Brazil,Law,0.487713361215061,37
Autonomous University Centre of Brazil,Marketing,0.512148967761165,16
Avantis University Centre,Business,0.54554253702658,25
Bahia Adventist University,Education,0.460155669295045,11
Baptist Faculty of Minas Gerais,Business,0.496305975034661,12
Barão de Mauá University Centre,Architecture,0.494760323973872,16
Barão de Mauá University Centre,Business,0.512496341142892,39
Barão de Mauá University Centre,Education,0.43552542572268,44
Barão de Mauá University Centre,Engineering,0.620615425027402,28
Barão de Mauá University Centre,Marketing,0.501003989111936,18
Blessed Sacrament Faculty,Engineering,0.522507908862013,10
Braz Cubas University Centre,Architecture,0.488772968812322,20
Braz Cubas University Centre,Business,0.53508788853578,107
Braz Cubas University Centre,Education,0.425965218324697,155
Braz Cubas University Centre,Engineering,0.549246939204593,93
Braz Cubas University Centre,Law,0.491448258753651,21
Braz Cubas University Centre,Marketing,0.542608331411668,19
Braz Cubas University Centre,Mathematics,0.441798995151694,17
Brazil Associated Faculty,Education,0.394695507864218,12
Brazilian Baptist Faculty,Business,0.543167716251071,13
CEDERJ - Cecierj,Education,0.449491712874407,26
CEDERJ - Cecierj,Mathematics,0.48691135850215,17
CESAR School,Engineering,0.766405665977928,12
CESUCA University Centre,Business,0.547210711949972,17
CESUMAR Faculty,Accounting,0.544010590544253,34
CESUMAR Faculty,Architecture,0.496761573551152,28
CESUMAR Faculty,Business,0.514405262431545,281
CESUMAR Faculty,Economics,0.543938890797953,11
CESUMAR Faculty,Education,0.431515636104024,572
CESUMAR Faculty,Engineering,0.599227380754374,258
CESUMAR Faculty,Information Technology,0.652170766971408,33
CESUMAR Faculty,Law,0.474631518739649,16
CESUMAR Faculty,Marketing,0.499394126320784,93
CESUMAR Faculty,Mathematics,0.461911304591591,111
CESUSC Faculty,Business,0.50287981541572,25
CESUSC Faculty,Law,0.49237192470266,43
CEUMA University,Architecture,0.537491060580601,21
CEUMA University,Business,0.529506776676047,86
CEUMA University,Education,0.436992309206076,40
CEUMA University,Engineering,0.52421771063432,38
CEUMA University,Information Technology,0.690800413581931,16
CEUMA University,Law,0.508737804647884,38
CEUMA University,Marketing,0.510365817831738,11
CNEC Faculty of Campo Largo,Business,0.506037819737083,14
CNEC Faculty of Varginha,Business,0.512297373418511,11
CNEC UNAI Faculty,Business,0.509519004433102,19
Cambury University Centre,Business,0.509448552483939,23
Cambury University Centre,Marketing,0.520913987175228,19
Campo Limpo Paulista University Centre,Business,0.573894919665698,33
Campo Limpo Paulista University Centre,Education,0.418603040355869,38
Campo Limpo Paulista University Centre,Engineering,0.505473487821534,56
Campo Limpo Paulista University Centre,Mathematics,0.412289412481848,17
Campos Salles Integrated Faculties,Accounting,0.527230322281644,14
Campos Salles Integrated Faculties,Business,0.535980485151107,76
Campos Salles Integrated Faculties,Education,0.37326818699514,64
Campos Salles Integrated Faculties,Law,0.543494407619931,13
Campos Salles Integrated Faculties,Marketing,0.552454888721137,14
Campos de Andrade University Centre,Business,0.569053743094305,32
Campos de Andrade University Centre,Education,0.419954511589371,47
Campos de Andrade University Centre,Engineering,0.731521537861806,16
Candido Mendes University,Accounting,0.517158635168716,73
Candido Mendes University,Business,0.53010201275425,356
Candido Mendes University,Chemistry,0.439930091519867,11
Candido Mendes University,Economics,0.520995180506903,31
Candido Mendes University,Education,0.426233872801277,75
Candido Mendes University,Engineering,0.520173796059534,192
Candido Mendes University,Finance,0.492915411953455,10
Candido Mendes University,Law,0.489394263459581,272
Candido Mendes University,Marketing,0.52658445635895,18
Candido Mendes University,Mathematics,0.469723218892128,14
Carlos Drummond de Andrade Higher Centre for Legal Studies,Business,0.516804551377032,26
Carlos Drummond de Andrade Higher Centre for Legal Studies,Education,0.362159928488037,18
Carlos Drummond de Andrade Higher Centre for Legal Studies,Engineering,0.577540741794596,11
Castelo Branco University - Rio de Janeiro,Business,0.542307494585391,138
Castelo Branco University - Rio de Janeiro,Education,0.399579691711546,152
Castelo Branco University - Rio de Janeiro,Information Technology,0.603825708595934,10
Castelo Branco University - Rio de Janeiro,Marketing,0.45343336000444,12
Castelo Branco University - Rio de Janeiro,Mathematics,0.420033545326832,44
Cathedral University Centre,Law,0.460449827520162,10
Catholic Salesian Faculty of Macaé,Business,0.550936719134497,19
Catholic Salesian Faculty of Macaé,Engineering,0.449086834351096,50
Catholic University Centre of Tocantins,Engineering,0.528022822558779,10
Catholic University Centre of the East of Minas Gerais,Architecture,0.476824660384674,17
Catholic University Centre of the East of Minas Gerais,Business,0.520767823124567,44
Catholic University Centre of the East of Minas Gerais,Education,0.400712026426919,32
Catholic University Centre of the East of Minas Gerais,Engineering,0.47318750541337,176
Catholic University of Pelotas,Business,0.498335616938498,30
Catholic University of Pelotas,Education,0.46894073456334,16
Catholic University of Pelotas,Engineering,0.624065553616924,27
Catholic University of Pelotas,Law,0.490502280518092,14
Catholic University of Pernambuco,Accounting,0.505357479123059,17
Catholic University of Pernambuco,Architecture,0.481800573635288,33
Catholic University of Pernambuco,Business,0.530670977258464,153
Catholic University of Pernambuco,Education,0.447874294820254,52
Catholic University of Pernambuco,Engineering,0.63614030575722,208
Catholic University of Pernambuco,Law,0.495907386276573,173
Catholic University of Pernambuco,Mathematics,0.439220262117473,14
Catholic University of Petrópolis,Business,0.540808551543915,52
Catholic University of Petrópolis,Education,0.459505257543717,28
Catholic University of Petrópolis,Engineering,0.53063791447131,159
Catholic University of Petrópolis,Law,0.503778593962743,34
Catholic University of Petrópolis,Marketing,0.529454038636062,18
Catholic University of Salvador,Business,0.502508386623383,56
Catholic University of Salvador,Education,0.431214608399967,62
Catholic University of Salvador,Engineering,0.54358042932274,79
Catholic University of Salvador,Law,0.479714956815938,80
Catholic University of Salvador,Marketing,0.533815621777833,11
Catholic University of Salvador,Mathematics,0.433696328682502,18
Catholic University of Salvador,Nursing,0.397362695554268,11
Catholic University of Santos,Architecture,0.487039835397331,43
Catholic University of Santos,Business,0.536862999777993,93
Catholic University of Santos,Economics,0.522462602014245,13
Catholic University of Santos,Education,0.454255712994479,35
Catholic University of Santos,Engineering,0.571340772176324,92
Catholic University of Santos,Law,0.516114444547302,69
Católica de Santa Catarina - Centro Universitário,Accounting,0.559157155581962,13
Católica de Santa Catarina - Centro Universitário,Architecture,0.58673025854044,11
Católica de Santa Catarina - Centro Universitário,Business,0.550378862927934,65
Católica de Santa Catarina - Centro Universitário,Engineering,0.549495164801746,86
Católica de Santa Catarina - Centro Universitário,Law,0.551376951482294,26
Católica de Santa Catarina - Centro Universitário,Marketing,0.56532981942897,12
Ceilândia Projection Faculty,Business,0.523710594318688,60
Ceilândia Projection Faculty,Education,0.448684753420117,99
Ceilândia Projection Faculty,Engineering,0.653944325423551,21
Ceilândia Projection Faculty,Information Technology,0.621229779195147,20
Ceilândia Projection Faculty,Law,0.497175865869853,18
Ceilândia Projection Faculty,Mathematics,0.424743638211211,22
Celso Lisboa University Centre,Business,0.528924409893048,46
Celso Lisboa University Centre,Education,0.413707556520229,34
Celso Lisboa University Centre,Engineering,0.514963690064904,10
Celso Lisboa University Centre,Nursing,0.281494643268843,10
Cenecista Faculty of Capivari,Business,0.567151792323351,18
Centro Universitario de Belo Horizonte,Architecture,0.492251099080784,22
Centro Universitario de Belo Horizonte,Business,0.53394547120127,83
Centro Universitario de Belo Horizonte,Education,0.441712269025924,88
Centro Universitario de Belo Horizonte,Engineering,0.584550041793759,288
Centro Universitario de Belo Horizonte,Law,0.43852762094582,13
Centro Universitario de Belo Horizonte,Marketing,0.509516519886646,29
Centro Universitario de Belo Horizonte,Mathematics,0.426303773648539,39
Centro Universitario de Belo Horizonte,Medicine,0.449182482805404,17
Centro Universitario de Votuporanga,Education,0.431272205635723,15
Centro Universitário Católico Italo Brasileiro,Accounting,0.600425944954064,13
Centro Universitário Católico Italo Brasileiro,Business,0.552944656178086,82
Centro Universitário Católico Italo Brasileiro,Education,0.369146427816189,150
Centro Universitário Católico Italo Brasileiro,Marketing,0.560623798077351,25
Centro Universitário Católico Italo Brasileiro,Nursing,0.35391989194274,11
Centro Universitário Católico Salesiano Auxilium - UniSALESIANO Araçatuba,Business,0.577376732341589,18
Centro Universitário Católico Salesiano Auxilium - UniSALESIANO Araçatuba,Education,0.504417845878245,15
Centro Universitário Católico Salesiano Auxilium - UniSALESIANO Araçatuba,Engineering,0.543138222810144,32
Centro Universitário Dom Pedro II,Education,0.404790201939911,10
Centro Universitário FAM,Business,0.561482512246079,78
Centro Universitário FAM,Education,0.427772698363299,95
Centro Universitário FAM,Engineering,0.54428907788025,47
Centro Universitário FAM,Marketing,0.560281660345757,33
Centro Universitário FAM,Mathematics,0.436820121763854,19
Centro Universitário SENAI CIMATEC,Engineering,0.548041171985386,42
Centro Universitário Santa Cruz de Curitiba,Business,0.575264144260862,21
Centro Universitário Santa Cruz de Curitiba,Education,0.440213152164585,27
Centro Universitário UniMetrocamp,Business,0.542741322071592,14
Centro Universitário UniMetrocamp,Engineering,0.678959174265099,66
Centro Universitário Unihorizontes,Business,0.534445408127318,25
Centro Universitário da Cidade,Business,0.52404868267627,132
Centro Universitário da Cidade,Education,0.445888809871263,29
Centro Universitário da Cidade,Engineering,0.629020621233174,53
Centro Universitário da Cidade,Information Technology,0.675928106335905,21
Centro Universitário da Cidade,Law,0.500311677092035,18
Centro Universitário da Cidade,Marketing,0.526394505330029,59
Centro de Informática UFPE,Engineering,0.698841732740181,37
Cesmac University Centre,Architecture,0.502025340508621,17
Cesmac University Centre,Business,0.489557411909681,21
Cesmac University Centre,Engineering,0.510261338331205,61
Cesmac University Centre,Law,0.524893690921794,20
Christus University Centre,Business,0.530928507248998,31
Christus University Centre,Law,0.463221635421478,18
Claretiano University Centre,Accounting,0.546640698718771,12
Claretiano University Centre,Business,0.509998273197023,91
Claretiano University Centre,Education,0.430070736866176,582
Claretiano University Centre,Engineering,0.531279204642111,108
Claretiano University Centre,Information Technology,0.600737947198495,17
Claretiano University Centre,Marketing,0.497585492303335,11
Claretiano University Centre,Mathematics,0.456945282907527,146
Contestado University,Business,0.521130121520786,32
Contestado University,Education,0.381740395276146,29
Contestado University,Engineering,0.525385249126321,26
Cruzeiro do Sul Virtual,Chemistry,0.458223682878824,25
Cruzeiro do Sul Virtual,Education,0.430372059849058,122
Cruzeiro do Sul Virtual,Engineering,0.532917364697591,13
Cruzeiro do Sul Virtual,Marketing,0.523989086550955,10
Cruzeiro do Sul Virtual,Mathematics,0.479256971892349,31
Cruzeiro do Sul Virtual,Physics,0.453168175859652,10
Cásper Líbero Faculty,Business,0.542019294172888,46
Cásper Líbero Faculty,Marketing,0.52054910087572,93
Damas Faculty of Christian Instruction,Law,0.550680943759767,12
Damásio Educacional,Law,0.483856434854763,19
Dante University Centre,Accounting,0.582132932231722,22
Dante University Centre,Architecture,0.492656074497258,14
Dante University Centre,Business,0.525734840261343,335
Dante University Centre,Education,0.419390847378509,712
Dante University Centre,Engineering,0.533481121354848,110
Dante University Centre,Information Technology,0.618594587585447,30
Dante University Centre,Law,0.523569095693764,22
Dante University Centre,Marketing,0.523196674035768,122
Dante University Centre,Mathematics,0.472255848309284,139
Darcy Ribeiro State University of the North of the State of Rio de Janeiro,Biology,0.487935532996434,12
Darcy Ribeiro State University of the North of the State of Rio de Janeiro,Chemistry,0.538602559871798,19
Darcy Ribeiro State University of the North of the State of Rio de Janeiro,Education,0.400026644013375,27
Darcy Ribeiro State University of the North of the State of Rio de Janeiro,Engineering,0.502863237473193,110
Doctum Faculties of Ipatinga,Business,0.551539410609118,36
Doctum Faculties of Ipatinga,Education,0.429424678440094,33
Doctum Faculties of Ipatinga,Engineering,0.542925385922574,36
Doctum Faculties of Ipatinga,Law,0.480862258387493,31
Dom Bosco Catholic University,Accounting,0.498688945423167,10
Dom Bosco Catholic University,Business,0.526413611050601,47
Dom Bosco Catholic University,Education,0.45490056438936,32
Dom Bosco Catholic University,Engineering,0.581015047619414,72
Dom Bosco Catholic University,Law,0.496965461668423,39
Dom Bosco Faculty of Porto Alegre,Business,0.582274184635728,11
Dom Bosco Higher Education Unit University Centre,Business,0.51727069267015,15
Dom Bosco Higher Education Unit University Centre,Engineering,0.51900092042068,19
Dom Bosco Higher Education Unit University Centre,Law,0.529338969682223,19
Dom Bosco Salesian Faculty,Business,0.563674380817299,13
Dom Cabral Foundation,Business,0.472231260007955,23
Dom Helder Câmara School,Law,0.509020068514353,43
"Don Bosco Faculty of Philosophy, Science and Letters",Business,0.52392429860194,40
"Don Bosco Faculty of Philosophy, Science and Letters",Education,0.430723930083232,21
"Don Bosco Faculty of Philosophy, Science and Letters",Engineering,0.465520801878486,27
Dr. Edmunso Ulson University Centre of Araras,Education,0.440779337246312,42
EESC-USP / Escola de Engenharia de São Carlos,Engineering,0.571130312740208,54
ENIAC University Centre,Business,0.558376817205629,112
ENIAC University Centre,Education,0.38366094166741,12
ENIAC University Centre,Engineering,0.548846301701898,104
ENIAC University Centre,Information Technology,0.715275710815317,26
ENIAC University Centre,Marketing,0.509068241776405,35
ESBAM,Business,0.555943628802701,14
ESBAM,Education,0.336515092694113,12
ESEG Faculdade do Grupo Etapa,Engineering,0.566717131056798,42
ESUDA Faculty of Human Sciences,Architecture,0.46192935322478,20
ESUDA Faculty of Human Sciences,Business,0.50168602366307,16
ETEP University Centre,Business,0.563146471455801,79
ETEP University Centre,Education,0.413315053544244,29
ETEP University Centre,Engineering,0.550309973273565,433
ETEP University Centre,Physics,0.428758049769463,10
Einstein Integrated Faculties of Limeira,Business,0.537146773726013,15
Einstein Integrated Faculties of Limeira,Engineering,0.48034243004316,42
Engineer Salvador Arena Faculty,Business,0.546002383921658,26
Engineer Salvador Arena Faculty,Engineering,0.556640674935272,31
Escola De Minas,Engineering,0.489716864111416,57
Escola Politécnica da Universidade de São Paulo,Engineering,0.567807442024509,1071
Escola de Engenharia de Piracicaba - EEP,Business,0.427812101358991,11
Escola de Engenharia de Piracicaba - EEP,Engineering,0.557181934956513,148
Estacio Faculty of the Rio Grande Do Sul,Business,0.565152172896796,21
Estácio de Sá University,Accounting,0.513479282403972,68
Estácio de Sá University,Architecture,0.479695990772953,32
Estácio de Sá University,Business,0.52736215889797,1434
Estácio de Sá University,Education,0.419970300175191,194
Estácio de Sá University,Engineering,0.51490576231597,694
Estácio de Sá University,Finance,0.521429984502358,14
Estácio de Sá University,Information Technology,0.696912974106141,123
Estácio de Sá University,Law,0.494602460921199,180
Estácio de Sá University,Marketing,0.527897607854692,274
Estácio de Sá University,Mathematics,0.452404874796566,43
Estácio de Sá University,Medicine,0.400130712199284,15
Esucri,Business,0.509233840539578,27
Esucri,Marketing,0.561120047595457,10
Euclid Faculty of Cunha,Education,0.426720840778466,20
Euclid Faculty of Cunha,Mathematics,0.39635889232491,14
Euripides University Centre of Marilia,Business,0.544319633411488,42
Euripides University Centre of Marilia,Engineering,0.708624986192657,60
Euripides University Centre of Marilia,Law,0.510687992010305,26
Euro-American University Centre,Business,0.525857262029625,20
Euro-American University Centre,Law,0.504545934271781,15
Evangelical Faculty of Sao Paulo,Business,0.530590310435512,12
Evangelical University of Goiás,Business,0.545068896360943,14
Evangelical University of Goiás,Education,0.439950690254273,15
Evangelical University of Goiás,Engineering,0.606917818141507,51
Evangelical University of Goiás,Law,0.492066146872004,25
FACAMP - Faculdades de Campinas,Business,0.52851475322475,199
FACAMP - Faculdades de Campinas,Economics,0.535412015611291,133
FACAMP - Faculdades de Campinas,Education,0.398245789592846,13
FACAMP - Faculdades de Campinas,Engineering,0.578733407617523,60
FACAMP - Faculdades de Campinas,Law,0.489174959948288,56
FACAMP - Faculdades de Campinas,Marketing,0.530017849192905,55
FACENS University Centre,Engineering,0.540245361597827,449
FACULDADE INDEPENDENTE DO NORDESTE - FAINOR,Engineering,0.664181916369292,19
FACULDADE ISEED-FAVED BELO HORIZONTE,Education,0.384237416930194,11
FADERGS University Centre,Accounting,0.542588720010854,10
FADERGS University Centre,Business,0.553046189762287,46
FADERGS University Centre,Marketing,0.514338366378236,14
FAE University Centre,Accounting,0.534975928945799,23
FAE University Centre,Business,0.527980101099607,702
FAE University Centre,Economics,0.534817141398417,58
FAE University Centre,Education,0.378244931577593,39
FAE University Centre,Engineering,0.526515495561628,67
FAE University Centre,Law,0.473782221882881,16
FAE University Centre,Marketing,0.560070734414539,26
FAEC,Education,0.429820684772437,12
FAEL University Centre,Business,0.515256081354438,22
FAEL University Centre,Education,0.42030252232575,279
FAEL University Centre,Mathematics,0.476939483214331,117
FAETERJ-Rio,Education,0.47047016952307,14
FAETERJ-Rio,Engineering,0.586655857332029,10
FAFIBE,Education,0.433231917375813,32
FAFIBE,Mathematics,0.445094092779639,24
FAI - Higher Education Center in Management Technology and Education,Business,0.53607328150813,43
FAI - Higher Education Center in Management Technology and Education,Education,0.335483262174083,11
FAI - Higher Education Center in Management Technology and Education,Engineering,0.701666870353163,10
FAI University Centre,Engineering,0.487675598566302,19
FAMESP - Faculdade Método de São Paulo,Education,0.344676674999379,32
FAMETRO - CEUNI University Centre,Architecture,0.495650069127268,15
FAMETRO - CEUNI University Centre,Business,0.530051495261309,18
FAMETRO - CEUNI University Centre,Chemistry,0.426559539613431,13
FAMETRO - CEUNI University Centre,Education,0.345457932420571,41
FAMETRO - CEUNI University Centre,Engineering,0.503140085072311,14
FAMINAS University Centre,Business,0.556765233185659,18
FAMINAS University Centre,Education,0.47468329117776,10
FATEC Jundiaí,Business,0.491868569535527,11
FEI University Centre,Business,0.541321678428929,343
FEI University Centre,Engineering,0.553037742929275,1584
FESP - Faculdade de Engenharia São Paulo,Engineering,0.51772359420633,108
FGV EESP,Economics,0.567802339993745,18
FHO - Hermínio Ometto Foundation University Centre,Business,0.547620631820061,46
FHO - Hermínio Ometto Foundation University Centre,Chemistry,0.41556972028558,16
FHO - Hermínio Ometto Foundation University Centre,Education,0.40112399110516,85
FHO - Hermínio Ometto Foundation University Centre,Engineering,0.545946376214613,66
FIA Business School,Business,0.572126309579717,83
FIAM-FAAM University Centre,Architecture,0.493096928782189,25
FIAM-FAAM University Centre,Marketing,0.50704455311356,12
FIAP - University Centre,Business,0.601616534236887,185
FIAP - University Centre,Engineering,0.684239634803801,297
FIAP - University Centre,Information Technology,0.690544753206498,104
FIAP - University Centre,Marketing,0.570817825153209,15
FIB - Faculdades Integradas de Bauru,Business,0.57991464408917,23
FIEO University Centre,Accounting,0.535461953607812,19
FIEO University Centre,Business,0.555232140001227,262
FIEO University Centre,Chemistry,0.468655532441528,24
FIEO University Centre,Education,0.376776239698292,46
FIEO University Centre,Engineering,0.66895864341468,152
FIEO University Centre,Information Technology,0.708470510140237,30
FIEO University Centre,Law,0.484203296975328,50
FIEO University Centre,Marketing,0.544083680954935,39
FIEO University Centre,Mathematics,0.481337401905094,15
FIPMoc University Centre,Engineering,0.490723893962473,34
FUCAPE Business School,Business,0.505017836194629,33
FUCAPE Business School,Economics,0.562919290212347,17
FUCAPI,Business,0.554055416562883,16
FUCAPI,Engineering,0.647490679727892,83
FUMEC University,Accounting,0.523953295006916,45
FUMEC University,Architecture,0.486631718693324,82
FUMEC University,Business,0.530169069424053,323
FUMEC University,Education,0.402293997876797,15
FUMEC University,Engineering,0.57805441194579,467
FUMEC University,Information Technology,0.658582357456914,14
FUMEC University,Law,0.491639759235123,92
FUMEC University,Marketing,0.529517820411506,32
FUNCESI University Centre,Business,0.501781779173776,15
FUNVIC University Centre,Education,0.390513768349736,11
Facipe - Faculdade Integrada de Pernambuco,Business,0.539714424468037,15
Faconnect EAD,Education,0.432569134959851,24
Facthus Faculdade De Talentos Humanos,Engineering,0.457170665195075,15
Faculdade Alfamérica,Education,0.481357340962322,13
Faculdade Apogeu,Education,0.444865455859517,15
Faculdade Baiana de Direito e Gestão,Law,0.460273782856089,24
Faculdade COTEMIG,Information Technology,0.746862161323304,12
Faculdade Cenecista De Joinville,Business,0.513840445714857,32
"Faculdade De Filosofia, Ciências E Letras De Santo André",Education,0.370514565060931,20
Faculdade Famart,Education,0.428054895214242,12
Faculdade Fernão Dias,Business,0.571325515953895,41
Faculdade Flamingo,Business,0.504802872389511,40
Faculdade Flamingo,Education,0.38504558873314,64
Faculdade Flamingo,Marketing,0.52509697449976,12
Faculdade IBGEN - Instituto Brasileiro de Gestão de Negócios,Business,0.526306670242651,27
Faculdade IBGEN - Instituto Brasileiro de Gestão de Negócios,Engineering,0.549857073352677,14
Faculdade IBGEN - Instituto Brasileiro de Gestão de Negócios,Marketing,0.495236750499318,11
Faculdade Intervale,Education,0.444769335419457,53
Faculdade Joaquim Nabuco,Business,0.534592141030914,93
Faculdade Joaquim Nabuco,Education,0.396032483356048,40
Faculdade Joaquim Nabuco,Engineering,0.735240299024946,10
Faculdade Joaquim Nabuco,Information Technology,0.767673785008215,10
Faculdade Mario Schenberg,Business,0.552701623036563,13
Faculdade Mario Schenberg,Education,0.390738645350387,17
Faculdade Maurício de Nassau,Accounting,0.555962766521788,10
Faculdade Maurício de Nassau,Business,0.516528812652038,133
Faculdade Maurício de Nassau,Education,0.415111353231968,34
Faculdade Maurício de Nassau,Engineering,0.479293439400552,50
Faculdade Maurício de Nassau,Law,0.487568061630712,21
Faculdade Maurício de Nassau,Marketing,0.479353491906375,26
Faculdade Maurício de Nassau,Nursing,0.374041243762523,15
Faculdade Novo Milênio,Business,0.582592994643789,19
Faculdade Novo Milênio,Education,0.445649781219721,13
Faculdade Novo Milênio,Engineering,0.441240000250423,26
Faculdade Pio Décimo,Chemistry,0.455007530880259,16
Faculdade Pio Décimo,Education,0.455838173756275,19
Faculdade Pio Décimo,Engineering,0.343584044186114,16
Faculdade Pio XII,Business,0.505584601161673,11
Faculdade Ruy Barbosa,Business,0.5083597893252,67
Faculdade Ruy Barbosa,Engineering,0.661200405079811,50
Faculdade Ruy Barbosa,Law,0.499064408232889,11
Faculdade Sul Fluminense,Business,0.48504367536801,21
Faculdade UniBF,Education,0.452735782822817,64
Faculdade UniBF,Mathematics,0.491056079671994,15
Faculdade Venda Nova do Imigrante – FAVENI,Business,0.578910134322223,14
Faculdade Venda Nova do Imigrante – FAVENI,Chemistry,0.479255020210373,11
Faculdade Venda Nova do Imigrante – FAVENI,Education,0.422105953157278,159
Faculdade Venda Nova do Imigrante – FAVENI,Mathematics,0.43363354454785,34
Faculdade Venda Nova do Imigrante – FAVENI,Physics,0.403845226584671,11
"Faculdade de Economia, Administração e Contabilidade de Ribeirão Preto",Business,0.545907958658299,22
Faculdade de Engenharia e Inovação Técnico Profissional - FEITEP,Engineering,0.481647264440654,12
Faculdade de Medicina da Universidade de São Paulo,Medicine,0.446693371672248,13
Faculdade de Tecnologia de Ourinhos - Fatec Ourinhos,Engineering,0.670829804014482,12
Faculdade de Tecnologia de Ourinhos - Fatec Ourinhos,Information Technology,0.668663397440319,16
Faculdades Integradas Dom Pedro II,Architecture,0.513223534018993,11
Faculdades Integradas Dom Pedro II,Engineering,0.473965795115744,11
Faculdades Integradas Urubupungá,Education,0.403037375858755,12
Faculdades Network,Business,0.568298688358245,11
Faculdades Network,Education,0.419280028598656,22
Faculdades Network,Information Technology,0.725108146328102,10
Faculty of Administration and Commerce of Sergipe,Business,0.479058944654505,19
Faculty of Administration and Commerce of Sergipe,Engineering,0.495789425136953,17
Faculty of Administration of Campo Belo,Business,0.499668902108733,53
Faculty of Administration of Campo Belo,Economics,0.566281111628009,13
Faculty of Americana,Business,0.545724694796696,54
Faculty of Americana,Education,0.437512848031044,24
Faculty of Americana,Engineering,0.557349259577214,32
Faculty of Applied Social Sciences of the South of Minas Gerais,Business,0.515126501527224,40
Faculty of Arts of São Paulo,Education,0.455572655434837,15
Faculty of Campina Grande do Sul,Business,0.524370629576169,21
Faculty of Campos Eliseos,Business,0.621090520914554,11
Faculty of Campos Eliseos,Education,0.4398762311215,40
Faculty of Campos Eliseos,Mathematics,0.502206774549884,10
Faculty of Centro Leste,Engineering,0.494402158205748,62
Faculty of Engineering of Minas Gerais,Engineering,0.495262462814513,26
Faculty of Engineering of Resende,Engineering,0.532219202213499,17
Faculty of Guarulhos,Business,0.458507729561346,12
Faculty of Industry of São José dos Pinhais,Business,0.508124909899415,21
Faculty of Industry of São José dos Pinhais,Education,0.458188397873306,10
Faculty of Law of Franca,Law,0.479875155276064,58
Faculty of Law of Itu,Law,0.513989687913116,26
Faculty of Law of Sorocaba,Law,0.494572261784626,46
Faculty of Law of São Bernardo do Campo,Law,0.498384212216874,187
Faculty of Law of the South of Minas,Law,0.525025648086634,34
Faculty of Law of the Valley of the Doce River,Law,0.43964507145142,11
Faculty of Maringa,Business,0.540236262780111,10
Faculty of Medicine of Minas Gerais,Medicine,0.492789272897549,12
Faculty of Medicine of Santa Casa de São Paulo,Medicine,0.424060804247277,14
Faculty of Medicine of Santa Casa de São Paulo,Nursing,0.439010688203325,12
Faculty of Pará de Minas,Business,0.547545489828314,17
Faculty of Pará de Minas,Mathematics,0.430527534662043,10
Faculty of Pinhais,Education,0.434081042937553,20
Faculty of Rio de Janeiro,Business,0.502755935735457,10
Faculty of Roseira,Engineering,0.406214436358051,22
Faculty of Science of Bahia,Mathematics,0.502452090797417,10
Faculty of Science of Timbaúba,Business,0.439345351376355,11
Faculty of Science of the Foundation Technological Institute of Osasco,Business,0.52323379032038,12
Faculty of Science of the Foundation Technological Institute of Osasco,Engineering,0.676933911782112,10
Faculty of Second of July,Business,0.510590272902552,10
Faculty of Sertão do Pajeú,Engineering,0.692023714443762,28
Faculty of São Bernardo do Campo,Business,0.555535268677515,48
Faculty of São Bernardo do Campo,Chemistry,0.500000871501283,43
Faculty of São Bernardo do Campo,Education,0.403605878443096,90
Faculty of São Bernardo do Campo,Engineering,0.517248613841181,49
Faculty of Technology and Science of Itabuna,Business,0.532181873179361,15
"Faculty of Technology in Hostelry, Gastronomy and Tourism of São Paulo",Architecture,0.485671759662153,18
Faculty of Technology of Americana,Business,0.5869727617285,12
Faculty of Technology of Americana,Engineering,0.660653125936096,10
Faculty of Technology of Americana,Information Technology,0.658487713540116,20
Faculty of Technology of Guaratinguetá,Business,0.509525208516012,41
Faculty of Technology of Guaratinguetá,Engineering,0.648101564290791,29
Faculty of Technology of Guaratinguetá,Information Technology,0.724101569732536,14
Faculty of Technology of São José do Rio Preto,Business,0.585197334816082,11
Faculty of Technology of São Paulo,Business,0.571006018951351,126
Faculty of Technology of São Paulo,Education,0.4687996162169,15
Faculty of Technology of São Paulo,Engineering,0.604439001260251,137
Faculty of Technology of São Paulo,Information Technology,0.709987516671579,67
"Faculty of Technology, Science and Education",Education,0.411451330066549,13
Fametro University Centre,Business,0.592413290483728,21
Fametro University Centre,Education,0.447751110047266,19
Fametro University Centre,Nursing,0.380707998774065,10
Farias Brito University Centre,Engineering,0.566934380313908,31
Fatec Baixada Santista Rubens Lara,Business,0.56507861352153,33
Fatec Baixada Santista Rubens Lara,Engineering,0.640684367067617,11
Fatec Baixada Santista Rubens Lara,Information Technology,0.60085640848755,10
Fatec Barueri Oficial,Business,0.581965103466237,11
Fatec Campinas - Faculdade de Tecnologia de Campinas,Business,0.544815752895008,10
Fatec Campinas - Faculdade de Tecnologia de Campinas,Engineering,0.666128201556795,10
Fatec Indaiatuba,Business,0.578579169298786,13
Fatec Sebrae,Business,0.484422047936371,24
Fatec Sebrae,Marketing,0.534606703477337,37
Fatec São José dos Campos - Prof. Jessen Vidal,Business,0.586812669275045,15
Federal Centre for Technological Education Celso Suckow da Fonseca,Business,0.535213484775801,132
Federal Centre for Technological Education Celso Suckow da Fonseca,Engineering,0.542105983373125,517
Federal Centre for Technological Education Celso Suckow da Fonseca,Physics,0.477132713099494,23
Federal Centre of Technological Education of Minas Gerais,Business,0.542755619571835,61
Federal Centre of Technological Education of Minas Gerais,Chemistry,0.475463631530908,21
Federal Centre of Technological Education of Minas Gerais,Engineering,0.567979190671831,478
"Federal Institute of Education, Science and Technology of Amazonas",Chemistry,0.456257754511976,11
"Federal Institute of Education, Science and Technology of Amazonas",Education,0.376424885287325,13
"Federal Institute of Education, Science and Technology of Amazonas",Engineering,0.473771858943241,21
"Federal Institute of Education, Science and Technology of Amazonas",Mathematics,0.365780470569228,12
"Federal Institute of Education, Science and Technology of Bahia",Business,0.550596192335584,13
"Federal Institute of Education, Science and Technology of Bahia",Chemistry,0.447917256029242,18
"Federal Institute of Education, Science and Technology of Bahia",Education,0.468764246239243,26
"Federal Institute of Education, Science and Technology of Bahia",Engineering,0.512459725581769,98
"Federal Institute of Education, Science and Technology of Bahia",Mathematics,0.429518526676135,21
"Federal Institute of Education, Science and Technology of Brasilia",Education,0.483211408269266,23
"Federal Institute of Education, Science and Technology of Ceará",Chemistry,0.441027063776895,35
"Federal Institute of Education, Science and Technology of Ceará",Education,0.409640644310072,43
"Federal Institute of Education, Science and Technology of Ceará",Engineering,0.641810268107806,158
"Federal Institute of Education, Science and Technology of Ceará",Mathematics,0.460883940728221,49
"Federal Institute of Education, Science and Technology of Ceará",Physics,0.442424601063476,29
"Federal Institute of Education, Science and Technology of Espírito Santo",Chemistry,0.501629601238036,33
"Federal Institute of Education, Science and Technology of Espírito Santo",Education,0.483279122428228,53
"Federal Institute of Education, Science and Technology of Espírito Santo",Engineering,0.52868397778818,105
"Federal Institute of Education, Science and Technology of Espírito Santo",Information Technology,0.688408182479829,17
"Federal Institute of Education, Science and Technology of Espírito Santo",Mathematics,0.463163007139991,30
"Federal Institute of Education, Science and Technology of Espírito Santo",Physics,0.467193646714076,29
"Federal Institute of Education, Science and Technology of Goiánia",Education,0.416351294688212,11
"Federal Institute of Education, Science and Technology of Goiánia",Engineering,0.499814757796561,50
"Federal Institute of Education, Science and Technology of Maranhão",Chemistry,0.444171262296165,17
"Federal Institute of Education, Science and Technology of Maranhão",Engineering,0.670076795323268,13
"Federal Institute of Education, Science and Technology of Mato Grosso",Chemistry,0.451833611897493,13
"Federal Institute of Education, Science and Technology of Mato Grosso",Education,0.425139745514073,14
"Federal Institute of Education, Science and Technology of Mato Grosso",Engineering,0.626308043216393,14
"Federal Institute of Education, Science and Technology of Mato Grosso",Mathematics,0.393720105914938,10
"Federal Institute of Education, Science and Technology of Minas Gerais",Education,0.400156453862253,11
"Federal Institute of Education, Science and Technology of Minas Gerais",Engineering,0.538813453519831,26
"Federal Institute of Education, Science and Technology of Minas Gerais",Mathematics,0.320402662200323,10
"Federal Institute of Education, Science and Technology of Paraná",Chemistry,0.48031111800345,22
"Federal Institute of Education, Science and Technology of Paraná",Education,0.463774291072028,15
"Federal Institute of Education, Science and Technology of Paraná",Physics,0.444177246691124,18
"Federal Institute of Education, Science and Technology of Paraíba",Engineering,0.570252032663825,50
"Federal Institute of Education, Science and Technology of Piauí",Chemistry,0.493326508682554,23
"Federal Institute of Education, Science and Technology of Piauí",Education,0.474066591159497,15
"Federal Institute of Education, Science and Technology of Piauí",Mathematics,0.486656318752129,37
"Federal Institute of Education, Science and Technology of Piauí",Physics,0.461296365286434,19
"Federal Institute of Education, Science and Technology of Rio Grande do Sul",Education,0.381025638653491,17
"Federal Institute of Education, Science and Technology of Rio Grande do Sul",Engineering,0.599817362708907,22
"Federal Institute of Education, Science and Technology of Rio Grande do Sul",Mathematics,0.463657334816258,18
"Federal Institute of Education, Science and Technology of Rio de Janeiro",Chemistry,0.46561743012387,73
"Federal Institute of Education, Science and Technology of Rio de Janeiro",Education,0.448942728190552,17
"Federal Institute of Education, Science and Technology of Rio de Janeiro",Engineering,0.612022491430864,12
"Federal Institute of Education, Science and Technology of Rio de Janeiro",Mathematics,0.444429857866295,46
"Federal Institute of Education, Science and Technology of Rio de Janeiro",Physics,0.391618435852263,45
"Federal Institute of Education, Science and Technology of Santa Catarina",Business,0.662156442548857,11
"Federal Institute of Education, Science and Technology of Santa Catarina",Chemistry,0.456583608763198,21
"Federal Institute of Education, Science and Technology of Santa Catarina",Education,0.443313492938748,66
"Federal Institute of Education, Science and Technology of Santa Catarina",Engineering,0.634118843453263,150
"Federal Institute of Education, Science and Technology of Santa Catarina",Information Technology,0.63340056588048,12
"Federal Institute of Education, Science and Technology of Santa Catarina",Mathematics,0.456284296676286,19
"Federal Institute of Education, Science and Technology of Santa Catarina",Physics,0.433323220382851,21
"Federal Institute of Education, Science and Technology of Sertão Pernambucano",Chemistry,0.428852894446246,13
"Federal Institute of Education, Science and Technology of Sertão Pernambucano",Engineering,0.609028385719876,16
"Federal Institute of Education, Science and Technology of São Paulo",Business,0.549921830097493,68
"Federal Institute of Education, Science and Technology of São Paulo",Chemistry,0.464384837773057,98
"Federal Institute of Education, Science and Technology of São Paulo",Education,0.450620663162615,127
"Federal Institute of Education, Science and Technology of São Paulo",Engineering,0.585205266128051,280
"Federal Institute of Education, Science and Technology of São Paulo",Information Technology,0.679384941364019,21
"Federal Institute of Education, Science and Technology of São Paulo",Mathematics,0.489439817524806,149
"Federal Institute of Education, Science and Technology of São Paulo",Physics,0.466165106309444,96
"Federal Institute of Education, Science and Technology of Triângulo Mineiro",Chemistry,0.449445274845561,13
"Federal Institute of Education, Science and Technology of Triângulo Mineiro",Education,0.489167414700377,17
"Federal Institute of Education, Science and Technology of Triângulo Mineiro",Engineering,0.672174096936397,36
"Federal Institute of Education, Science and Technology of the South of Minas Gerais",Education,0.427336804862048,40
"Federal Institute of Education, Science and Technology of the South of Minas Gerais",Engineering,0.61298144872745,61
"Federal Institute of Education, Science and Technology of the South of Minas Gerais",Mathematics,0.419730686642604,13
"Federal Institute of Education, Science and Technology of the South of Rio Grande",Education,0.451144619050469,14
"Federal Institute of Education, Science and Technology of the South of Rio Grande",Engineering,0.523835987383396,50
"Federal Institute of Education, Science and Technology of the Southeast of Minas Gerais",Business,0.600702945918714,10
"Federal Institute of Education, Science and Technology of the Southeast of Minas Gerais",Chemistry,0.504619451933105,14
"Federal Institute of Education, Science and Technology of the Southeast of Minas Gerais",Education,0.390588989992898,22
"Federal Institute of Education, Science and Technology of the Southeast of Minas Gerais",Engineering,0.621898545096017,38
"Federal Institute of Education, Science and Technology of the Southeast of Minas Gerais",Mathematics,0.425409715696107,11
"Federal Institute of Education, Science and Technology of the Southeast of Minas Gerais",Physics,0.409472465836773,11
Federal Rural University of Pernambuco,Biology,0.477754833769602,10
Federal Rural University of Pernambuco,Business,0.567489484158987,33
Federal Rural University of Pernambuco,Chemistry,0.494446206461753,37
Federal Rural University of Pernambuco,Economics,0.541177892502651,22
Federal Rural University of Pernambuco,Education,0.438268598111145,127
Federal Rural University of Pernambuco,Engineering,0.610300211025902,150
Federal Rural University of Pernambuco,Information Technology,0.728533906682072,16
Federal Rural University of Pernambuco,Mathematics,0.473953997972508,32
Federal Rural University of Pernambuco,Physics,0.445656193482214,29
Federal Rural University of Rio de Janeiro,Architecture,0.496600072066501,21
Federal Rural University of Rio de Janeiro,Business,0.538381659430479,290
Federal Rural University of Rio de Janeiro,Chemistry,0.434008438031204,30
Federal Rural University of Rio de Janeiro,Economics,0.562089224924147,48
Federal Rural University of Rio de Janeiro,Education,0.45955030701824,124
Federal Rural University of Rio de Janeiro,Engineering,0.532278625398837,187
Federal Rural University of Rio de Janeiro,Mathematics,0.46729997090799,56
Federal Rural University of Rio de Janeiro,Medicine,0.424962050639277,16
Federal Rural University of Rio de Janeiro,Physics,0.482044667989097,23
Federal Rural University of the Amazon,Engineering,0.52592567501022,46
Federal Rural University of the Semi-Arid Region,Business,0.561395409916133,11
Federal Rural University of the Semi-Arid Region,Engineering,0.542814982970436,69
Federal University Foundation of Grande Dourados,Chemistry,0.573473193906607,10
Federal University Foundation of Grande Dourados,Education,0.485712380616577,23
Federal University Foundation of Grande Dourados,Engineering,0.526181750913844,56
Federal University Foundation of Rio Grande,Business,0.505304801437459,29
Federal University Foundation of Rio Grande,Chemistry,0.43546505801969,15
Federal University Foundation of Rio Grande,Economics,0.540049430800111,14
Federal University Foundation of Rio Grande,Education,0.42327854605827,67
Federal University Foundation of Rio Grande,Engineering,0.526296719610828,205
Federal University Foundation of Rio Grande,Law,0.508870717545971,12
Federal University Foundation of Rio Grande,Mathematics,0.441679711246474,12
Federal University Foundation of Rio Grande,Physics,0.558777595400177,10
Federal University Foundation of Rondônia,Business,0.536719003626269,22
Federal University Foundation of Rondônia,Education,0.420292728666772,68
Federal University Foundation of Rondônia,Engineering,0.560158404445841,29
Federal University Foundation of Rondônia,Mathematics,0.495170694629289,21
Federal University for Latin American Integration,Engineering,0.51996456958686,17
Federal University of ABC,Chemistry,0.56067485502691,42
Federal University of ABC,Economics,0.559541108647641,64
Federal University of ABC,Education,0.500498871679374,14
Federal University of ABC,Engineering,0.582251432769153,714
Federal University of ABC,Mathematics,0.526554129474603,18
Federal University of ABC,Physics,0.519985563814703,28
Federal University of Acre,Education,0.447738887709901,55
Federal University of Acre,Engineering,0.510916842865828,10
Federal University of Acre,Mathematics,0.448834300410301,18
Federal University of Acre,Physics,0.44159071735843,10
Federal University of Alfenas,Chemistry,0.542902713449129,35
Federal University of Alfenas,Economics,0.554689930646638,29
Federal University of Alfenas,Education,0.543617573001943,27
Federal University of Alfenas,Engineering,0.582227235104996,103
Federal University of Alfenas,Mathematics,0.495634751644673,12
Federal University of Alfenas,Physics,0.504724474296788,12
Federal University of Amapá,Education,0.413713643530098,31
Federal University of Amapá,Engineering,0.648459360184541,10
Federal University of Amazonas,Accounting,0.510690670307088,19
Federal University of Amazonas,Business,0.526655776922091,112
Federal University of Amazonas,Chemistry,0.449279761746715,32
Federal University of Amazonas,Economics,0.517498502177912,33
Federal University of Amazonas,Education,0.400407410705468,138
Federal University of Amazonas,Engineering,0.593409333788699,299
Federal University of Amazonas,Law,0.526022248674857,27
Federal University of Amazonas,Mathematics,0.43718469878597,34
Federal University of Amazonas,Medicine,0.460325920399752,16
Federal University of Amazonas,Physics,0.404735270881743,20
Federal University of Bahia,Accounting,0.545562060403726,19
Federal University of Bahia,Architecture,0.507865688435541,65
Federal University of Bahia,Biology,0.468040586667715,10
Federal University of Bahia,Business,0.525579902038464,224
Federal University of Bahia,Chemistry,0.457546045665029,26
Federal University of Bahia,Economics,0.539165904359892,37
Federal University of Bahia,Education,0.439702372559164,181
Federal University of Bahia,Engineering,0.54047503455721,593
Federal University of Bahia,Law,0.507437364842629,80
Federal University of Bahia,Mathematics,0.451347521313035,30
Federal University of Bahia,Medicine,0.413223012323946,22
Federal University of Bahia,Physics,0.442252386764788,21
Federal University of Campina Grande,Business,0.523033106742645,25
Federal University of Campina Grande,Education,0.442654519743649,54
Federal University of Campina Grande,Engineering,0.581120631232835,421
Federal University of Campina Grande,Law,0.449064313309632,10
Federal University of Campina Grande,Mathematics,0.494859654279852,18
Federal University of Campina Grande,Physics,0.470263143145078,13
Federal University of Ceará,Accounting,0.53777913591556,25
Federal University of Ceará,Architecture,0.497784547224595,42
Federal University of Ceará,Business,0.519697135263623,141
Federal University of Ceará,Chemistry,0.430732662665755,47
Federal University of Ceará,Economics,0.541365648137851,56
Federal University of Ceará,Education,0.452291192094827,155
Federal University of Ceará,Engineering,0.587561660423942,683
Federal University of Ceará,Law,0.514631139481039,53
Federal University of Ceará,Marketing,0.531097468134437,12
Federal University of Ceará,Mathematics,0.518933526086514,59
Federal University of Ceará,Medicine,0.47296202081175,10
Federal University of Ceará,Nursing,0.462015760392429,15
Federal University of Ceará,Physics,0.497083024375874,42
Federal University of Ceará,Statistics,0.614752347316689,11
Federal University of Espírito Santo,Accounting,0.539943499336906,18
Federal University of Espírito Santo,Architecture,0.511690327498607,30
Federal University of Espírito Santo,Business,0.535298968060327,69
Federal University of Espírito Santo,Chemistry,0.495760637031978,39
Federal University of Espírito Santo,Economics,0.553243184026879,22
Federal University of Espírito Santo,Education,0.440487018514533,131
Federal University of Espírito Santo,Engineering,0.572725331272016,395
Federal University of Espírito Santo,Law,0.474149627545051,35
Federal University of Espírito Santo,Mathematics,0.460859847879424,36
Federal University of Espírito Santo,Medicine,0.403146235236073,15
Federal University of Espírito Santo,Physics,0.467333857268292,44
Federal University of Fronteira Sul,Education,0.444195768442611,38
Federal University of Fronteira Sul,Engineering,0.68291515076445,39
Federal University of Goiás,Accounting,0.617922429892348,11
Federal University of Goiás,Architecture,0.472576374398617,26
Federal University of Goiás,Business,0.518852847622915,77
Federal University of Goiás,Chemistry,0.525766060311361,37
Federal University of Goiás,Economics,0.553144061446561,27
Federal University of Goiás,Education,0.45131294830949,194
Federal University of Goiás,Engineering,0.602411987429459,493
Federal University of Goiás,Law,0.50068400184271,47
Federal University of Goiás,Marketing,0.549633125303885,10
Federal University of Goiás,Mathematics,0.485081218723768,59
Federal University of Goiás,Medicine,0.445350275340069,31
Federal University of Goiás,Physics,0.507927860046081,36
Federal University of Itajubá,Business,0.544293358140221,140
Federal University of Itajubá,Chemistry,0.502268677162298,13
Federal University of Itajubá,Engineering,0.559034621306873,938
Federal University of Itajubá,Information Technology,0.727205706413992,13
Federal University of Itajubá,Mathematics,0.575367562404424,11
Federal University of Itajubá,Physics,0.510127453521552,32
Federal University of Juiz de Fora,Architecture,0.490073955267999,32
Federal University of Juiz de Fora,Business,0.52946210460662,105
Federal University of Juiz de Fora,Chemistry,0.474855349232501,36
Federal University of Juiz de Fora,Economics,0.535105387798328,35
Federal University of Juiz de Fora,Education,0.424656945666754,84
Federal University of Juiz de Fora,Engineering,0.574148415231272,324
Federal University of Juiz de Fora,Law,0.513962661963628,60
Federal University of Juiz de Fora,Mathematics,0.452494352543495,18
Federal University of Juiz de Fora,Medicine,0.495920105551834,11
Federal University of Juiz de Fora,Nursing,0.421614652366007,14
Federal University of Juiz de Fora,Physics,0.48948142657755,28
Federal University of Maranhão,Business,0.519534205399589,28
Federal University of Maranhão,Chemistry,0.517951752201728,12
Federal University of Maranhão,Education,0.425858783153582,79
Federal University of Maranhão,Engineering,0.600016261512221,142
Federal University of Maranhão,Law,0.475061563926734,22
Federal University of Maranhão,Mathematics,0.455389929182951,30
Federal University of Maranhão,Nursing,0.460423379848892,10
Federal University of Maranhão,Physics,0.469853082734387,11
Federal University of Mato Grosso,Accounting,0.52764148166957,12
Federal University of Mato Grosso,Architecture,0.524520602148833,15
Federal University of Mato Grosso,Business,0.53241395530413,48
Federal University of Mato Grosso,Chemistry,0.441257491201315,31
Federal University of Mato Grosso,Economics,0.536479817107546,10
Federal University of Mato Grosso,Education,0.439318137690579,97
Federal University of Mato Grosso,Engineering,0.578788204654974,218
Federal University of Mato Grosso,Information Technology,0.716357962525148,12
Federal University of Mato Grosso,Law,0.489595473129626,25
Federal University of Mato Grosso,Marketing,0.499814807745364,13
Federal University of Mato Grosso,Mathematics,0.447478825126495,28
Federal University of Mato Grosso,Medicine,0.469760811214249,14
Federal University of Mato Grosso,Physics,0.478143938288946,20
Federal University of Mato Grosso do Sul,Architecture,0.489916846488285,16
Federal University of Mato Grosso do Sul,Business,0.520669154057486,124
Federal University of Mato Grosso do Sul,Chemistry,0.459146334820169,12
Federal University of Mato Grosso do Sul,Economics,0.517192923518594,19
Federal University of Mato Grosso do Sul,Education,0.445547421316331,136
Federal University of Mato Grosso do Sul,Engineering,0.596200367328212,224
Federal University of Mato Grosso do Sul,Law,0.478051333620111,42
Federal University of Mato Grosso do Sul,Mathematics,0.415362864030578,58
Federal University of Mato Grosso do Sul,Medicine,0.437415918155204,10
Federal University of Mato Grosso do Sul,Physics,0.560239755294507,16
Federal University of Minas Gerais,Accounting,0.549858121218955,45
Federal University of Minas Gerais,Architecture,0.488272600909545,137
Federal University of Minas Gerais,Biology,0.504498568736126,26
Federal University of Minas Gerais,Business,0.537694366085309,282
Federal University of Minas Gerais,Chemistry,0.474812017110351,97
Federal University of Minas Gerais,Economics,0.528865649955759,165
Federal University of Minas Gerais,Education,0.442382630872475,288
Federal University of Minas Gerais,Engineering,0.553621995478855,1855
Federal University of Minas Gerais,Finance,0.51952600113942,23
Federal University of Minas Gerais,Information Technology,0.793904146517597,10
Federal University of Minas Gerais,Law,0.499412760723301,227
Federal University of Minas Gerais,Marketing,0.492485475760581,15
Federal University of Minas Gerais,Mathematics,0.460729154238513,108
Federal University of Minas Gerais,Medicine,0.430949088499831,87
Federal University of Minas Gerais,Nursing,0.396864250098723,18
Federal University of Minas Gerais,Physics,0.506662541764416,120
Federal University of Minas Gerais,Statistics,0.657193415180748,25
Federal University of Ouro Prêto,Architecture,0.46901506186166,24
Federal University of Ouro Prêto,Business,0.527061200219669,58
Federal University of Ouro Prêto,Chemistry,0.480782048805822,21
Federal University of Ouro Prêto,Economics,0.550448626757563,12
Federal University of Ouro Prêto,Education,0.414675541928968,103
Federal University of Ouro Prêto,Engineering,0.547634001028919,466
Federal University of Ouro Prêto,Law,0.528338776133697,29
Federal University of Ouro Prêto,Mathematics,0.439212878709603,26
Federal University of Paraná,Accounting,0.559350508387544,69
Federal University of Paraná,Architecture,0.480977088396258,61
Federal University of Paraná,Biology,0.521746892956351,23
Federal University of Paraná,Business,0.538263175933749,462
Federal University of Paraná,Chemistry,0.510082599807339,58
Federal University of Paraná,Economics,0.540401363671422,142
Federal University of Paraná,Education,0.434028965358844,220
Federal University of Paraná,Engineering,0.575951532268687,1085
Federal University of Paraná,Information Technology,0.699309131895973,23
Federal University of Paraná,Law,0.501960074624657,108
Federal University of Paraná,Marketing,0.486833849204064,10
Federal University of Paraná,Mathematics,0.476259920040295,60
Federal University of Paraná,Medicine,0.41792580865796,30
Federal University of Paraná,Nursing,0.428399233474586,18
Federal University of Paraná,Physics,0.505207011496449,99
Federal University of Paraná,Statistics,0.663342202618708,29
Federal University of Paraíba,Accounting,0.539967263483666,16
Federal University of Paraíba,Architecture,0.504940599718937,23
Federal University of Paraíba,Business,0.513398019989491,107
Federal University of Paraíba,Chemistry,0.489113525409775,22
Federal University of Paraíba,Economics,0.547843631448985,14
Federal University of Paraíba,Education,0.43450329003394,155
Federal University of Paraíba,Engineering,0.599511384947699,358
Federal University of Paraíba,Law,0.504764184738978,43
Federal University of Paraíba,Mathematics,0.442304672434242,34
Federal University of Paraíba,Physics,0.489838316080775,19
Federal University of Pará,Accounting,0.527303863795029,14
Federal University of Pará,Architecture,0.503508090798419,22
Federal University of Pará,Biology,0.50841684257588,13
Federal University of Pará,Business,0.567318858709443,58
Federal University of Pará,Chemistry,0.460258862145835,25
Federal University of Pará,Education,0.448605649016229,308
Federal University of Pará,Engineering,0.567124760373118,416
Federal University of Pará,Information Technology,0.706092886123159,10
Federal University of Pará,Law,0.496555348381477,41
Federal University of Pará,Mathematics,0.4623454860321,117
Federal University of Pará,Medicine,0.422241701087077,15
Federal University of Pará,Physics,0.452154012301217,53
Federal University of Pelotas,Architecture,0.488741370729812,19
Federal University of Pelotas,Business,0.508085474406589,18
Federal University of Pelotas,Chemistry,0.517444845498048,16
Federal University of Pelotas,Economics,0.598846635662832,10
Federal University of Pelotas,Education,0.436399207399997,139
Federal University of Pelotas,Engineering,0.582857114334925,184
Federal University of Pelotas,Law,0.507280608978225,19
Federal University of Pelotas,Mathematics,0.490204179452619,38
Federal University of Pelotas,Medicine,0.347814230725467,12
Federal University of Pelotas,Physics,0.432932781649977,14
Federal University of Pernambuco,Accounting,0.524630409902803,50
Federal University of Pernambuco,Architecture,0.503440688142755,69
Federal University of Pernambuco,Biology,0.520935696712156,16
Federal University of Pernambuco,Business,0.540869941224094,321
Federal University of Pernambuco,Chemistry,0.47614183579548,55
Federal University of Pernambuco,Economics,0.559054051792968,80
Federal University of Pernambuco,Education,0.443169113622655,266
Federal University of Pernambuco,Engineering,0.580364110217962,749
Federal University of Pernambuco,Law,0.500887990365382,82
Federal University of Pernambuco,Marketing,0.562527174281983,17
Federal University of Pernambuco,Mathematics,0.456510572825343,56
Federal University of Pernambuco,Medicine,0.413884677726191,19
Federal University of Pernambuco,Nursing,0.383061274318164,18
Federal University of Pernambuco,Physics,0.500153926483253,42
Federal University of Pernambuco,Statistics,0.656546039807742,13
Federal University of Piauí,Architecture,0.481594166095056,15
Federal University of Piauí,Business,0.516355900924833,40
Federal University of Piauí,Chemistry,0.444135120196223,24
Federal University of Piauí,Education,0.428191025053632,168
Federal University of Piauí,Engineering,0.563833525109924,135
Federal University of Piauí,Mathematics,0.46667050629739,55
Federal University of Piauí,Physics,0.465477190878115,32
Federal University of Rio Grande do Norte,Accounting,0.560229113042397,24
Federal University of Rio Grande do Norte,Architecture,0.513516963079384,34
Federal University of Rio Grande do Norte,Business,0.524784910542388,121
Federal University of Rio Grande do Norte,Chemistry,0.452096545788458,65
Federal University of Rio Grande do Norte,Education,0.44550794935443,152
Federal University of Rio Grande do Norte,Engineering,0.565382384345235,557
Federal University of Rio Grande do Norte,Information Technology,0.725995027218624,78
Federal University of Rio Grande do Norte,Law,0.495487648805005,49
Federal University of Rio Grande do Norte,Marketing,0.56250939851548,13
Federal University of Rio Grande do Norte,Mathematics,0.43074961843731,41
Federal University of Rio Grande do Norte,Medicine,0.434486644757829,10
Federal University of Rio Grande do Norte,Nursing,0.418800435978287,13
Federal University of Rio Grande do Norte,Physics,0.462205933704061,38
Federal University of Rio Grande do Sul,Accounting,0.545913695305377,59
Federal University of Rio Grande do Sul,Architecture,0.530028427519231,75
Federal University of Rio Grande do Sul,Biology,0.499280781894797,20
Federal University of Rio Grande do Sul,Business,0.537428180312068,441
Federal University of Rio Grande do Sul,Chemistry,0.484524309693314,45
Federal University of Rio Grande do Sul,Economics,0.560213484085639,149
Federal University of Rio Grande do Sul,Education,0.422121904467597,206
Federal University of Rio Grande do Sul,Engineering,0.561388895655592,1029
Federal University of Rio Grande do Sul,Law,0.487550465038992,86
Federal University of Rio Grande do Sul,Marketing,0.541828645912105,15
Federal University of Rio Grande do Sul,Mathematics,0.477303106316365,54
Federal University of Rio Grande do Sul,Medicine,0.399861843995727,13
Federal University of Rio Grande do Sul,Nursing,0.441340859610352,10
Federal University of Rio Grande do Sul,Physics,0.503913262751317,62
Federal University of Rio Grande do Sul,Statistics,0.618056189357262,20
Federal University of Rio de Janeiro,Accounting,0.550323742888474,90
Federal University of Rio de Janeiro,Architecture,0.490688457243329,163
Federal University of Rio de Janeiro,Biology,0.494973119238475,33
Federal University of Rio de Janeiro,Business,0.529303058442863,395
Federal University of Rio de Janeiro,Chemistry,0.488554206946266,97
Federal University of Rio de Janeiro,Economics,0.550226661425676,266
Federal University of Rio de Janeiro,Education,0.437525036227359,335
Federal University of Rio de Janeiro,Engineering,0.550521113808638,1480
Federal University of Rio de Janeiro,Finance,0.51182721425315,26
Federal University of Rio de Janeiro,Law,0.485367827169466,241
Federal University of Rio de Janeiro,Marketing,0.540061853435177,28
Federal University of Rio de Janeiro,Mathematics,0.541163819263263,89
Federal University of Rio de Janeiro,Medicine,0.429639152449957,16
Federal University of Rio de Janeiro,Nursing,0.40646910336096,13
Federal University of Rio de Janeiro,Physics,0.489771969865261,111
Federal University of Rio de Janeiro,Statistics,0.616460313669489,20
Federal University of Roraima,Education,0.43184184239025,15
Federal University of Roraima,Engineering,0.567170157645573,23
Federal University of Santa Catarina,Accounting,0.542032007839341,39
Federal University of Santa Catarina,Architecture,0.491422971238933,77
Federal University of Santa Catarina,Biology,0.561784914950025,10
Federal University of Santa Catarina,Business,0.539759542475869,318
Federal University of Santa Catarina,Chemistry,0.491832244447344,76
Federal University of Santa Catarina,Economics,0.553162624027365,114
Federal University of Santa Catarina,Education,0.451132547310523,123
Federal University of Santa Catarina,Engineering,0.567962149624962,1414
Federal University of Santa Catarina,Information Technology,0.672655065603184,34
Federal University of Santa Catarina,Law,0.495549164515014,88
Federal University of Santa Catarina,Marketing,0.478778705518097,12
Federal University of Santa Catarina,Mathematics,0.462218102876802,61
Federal University of Santa Catarina,Medicine,0.460649696698097,15
Federal University of Santa Catarina,Physics,0.548071345105244,75
Federal University of Santa Maria,Architecture,0.455531926119211,18
Federal University of Santa Maria,Business,0.509293403238881,101
Federal University of Santa Maria,Chemistry,0.445441560609423,35
Federal University of Santa Maria,Economics,0.582937298867615,18
Federal University of Santa Maria,Education,0.441006123879989,123
Federal University of Santa Maria,Engineering,0.544866007862158,367
Federal University of Santa Maria,Law,0.533667271684715,13
Federal University of Santa Maria,Mathematics,0.492298947939484,17
Federal University of Santa Maria,Medicine,0.462339614820822,17
Federal University of Santa Maria,Physics,0.545700550980619,22
Federal University of Sergipe,Architecture,0.468895363511279,11
Federal University of Sergipe,Business,0.531821872176949,52
Federal University of Sergipe,Chemistry,0.502743107287723,23
Federal University of Sergipe,Education,0.45065081698106,108
Federal University of Sergipe,Engineering,0.566435262197768,229
Federal University of Sergipe,Law,0.558294726377549,12
Federal University of Sergipe,Mathematics,0.498854281811505,20
Federal University of Sergipe,Physics,0.475339003199705,32
Federal University of South and Southeast of Pará,Education,0.453464704480846,15
Federal University of São Carlos,Business,0.561812316073119,30
Federal University of São Carlos,Chemistry,0.503037485234863,41
Federal University of São Carlos,Education,0.417669653164202,36
Federal University of São Carlos,Engineering,0.5686648001512,177
Federal University of São Carlos,Mathematics,0.530788466190491,16
Federal University of São Carlos,Physics,0.543234605480984,10
Federal University of São João del Rei,Architecture,0.474961658613287,19
Federal University of São João del Rei,Business,0.537657198955992,43
Federal University of São João del Rei,Chemistry,0.43120881688874,21
Federal University of São João del Rei,Economics,0.547055024411915,17
Federal University of São João del Rei,Education,0.429887045816203,35
Federal University of São João del Rei,Engineering,0.519202245618312,341
Federal University of São João del Rei,Mathematics,0.533407756338728,20
Federal University of São João del Rei,Physics,0.418545543266343,14
Federal University of São Paulo,Accounting,0.530597267030134,28
Federal University of São Paulo,Biology,0.500479092113905,15
Federal University of São Paulo,Business,0.556780479362248,70
Federal University of São Paulo,Chemistry,0.517996377844279,51
Federal University of São Paulo,Economics,0.572735911469544,58
Federal University of São Paulo,Education,0.452905052143495,100
Federal University of São Paulo,Engineering,0.588655994936319,271
Federal University of São Paulo,Medicine,0.425655033518527,18
Federal University of São Paulo,Nursing,0.43725553899442,18
Federal University of Triângulo Mineiro,Chemistry,0.445069541905763,25
Federal University of Triângulo Mineiro,Education,0.45606924320212,24
Federal University of Triângulo Mineiro,Engineering,0.516005802353626,60
Federal University of Uberlândia,Accounting,0.538871165509379,20
Federal University of Uberlândia,Architecture,0.500090476090902,20
Federal University of Uberlândia,Business,0.542055324966183,141
Federal University of Uberlândia,Chemistry,0.52176630735688,38
Federal University of Uberlândia,Economics,0.559454184902449,55
Federal University of Uberlândia,Education,0.449026357350076,100
Federal University of Uberlândia,Engineering,0.564872716127226,638
Federal University of Uberlândia,Information Technology,0.742582262319142,11
Federal University of Uberlândia,Law,0.487268089321101,55
Federal University of Uberlândia,Mathematics,0.467853430603144,31
Federal University of Uberlândia,Medicine,0.393899955111933,22
Federal University of Uberlândia,Physics,0.493833545170994,36
Federal University of Viçosa,Architecture,0.49990750945024,31
Federal University of Viçosa,Biology,0.483124301595073,22
Federal University of Viçosa,Business,0.522853485027857,115
Federal University of Viçosa,Chemistry,0.55039527654983,45
Federal University of Viçosa,Economics,0.547892591714757,42
Federal University of Viçosa,Education,0.428231201114022,88
Federal University of Viçosa,Engineering,0.545910123575014,500
Federal University of Viçosa,Law,0.491446165244339,16
Federal University of Viçosa,Mathematics,0.414924227058215,33
Federal University of Viçosa,Medicine,0.449516555439698,15
Federal University of Viçosa,Physics,0.497580790789837,28
Federal University of Western Pará,Education,0.463513676436876,13
Federal University of Western Pará,Engineering,0.567951465916232,10
Federal University of the Bay of Bahia,Education,0.415577016282611,15
Federal University of the Bay of Bahia,Engineering,0.497273051752026,28
Federal University of the Pampas,Education,0.448568739606104,36
Federal University of the Pampas,Engineering,0.576887630132648,88
Federal University of the State of Rio de Janeiro,Biology,0.549805577032812,13
Federal University of the State of Rio de Janeiro,Business,0.569116732541407,55
Federal University of the State of Rio de Janeiro,Education,0.457996732032031,159
Federal University of the State of Rio de Janeiro,Engineering,0.59862107968478,35
Federal University of the State of Rio de Janeiro,Information Technology,0.599376849598382,23
Federal University of the State of Rio de Janeiro,Law,0.496782863577241,43
Federal University of the State of Rio de Janeiro,Mathematics,0.448740282258343,37
Federal University of the State of Rio de Janeiro,Medicine,0.436379324849449,12
Federal University of the Valley of San Francisco,Business,0.555841220667127,13
Federal University of the Valley of San Francisco,Engineering,0.588905259653332,65
Federal University of the Valleys of Jequitinhonha and Mucuri,Chemistry,0.482095259398438,14
Federal University of the Valleys of Jequitinhonha and Mucuri,Education,0.448685763180193,11
Federal University of the Valleys of Jequitinhonha and Mucuri,Engineering,0.546872445220228,61
Feevale University,Architecture,0.502944767893677,15
Feevale University,Business,0.52756961576873,187
Feevale University,Education,0.420895926502582,62
Feevale University,Engineering,0.597704765014397,125
Feevale University,Information Technology,0.717003960224541,12
Feevale University,Law,0.527738867096625,18
Feevale University,Marketing,0.541738724218697,18
Fibra University Centre,Education,0.408998475923611,19
Fig - Unimesp,Business,0.60534404968112,32
Fig - Unimesp,Education,0.390421519207333,57
Fig - Unimesp,Law,0.556463502796941,26
Fig - Unimesp,Mathematics,0.457255854289611,12
Filadelfia University Centre,Architecture,0.512657950355401,29
Filadelfia University Centre,Business,0.557342715659025,28
Filadelfia University Centre,Education,0.426634932730052,15
Filadelfia University Centre,Engineering,0.631785300812866,42
Filadelfia University Centre,Law,0.512794804638733,20
"Fluminense Federal Institute of Education, Science and Technology",Architecture,0.499312068044619,11
"Fluminense Federal Institute of Education, Science and Technology",Chemistry,0.401986479696375,12
"Fluminense Federal Institute of Education, Science and Technology",Education,0.393301676630422,31
"Fluminense Federal Institute of Education, Science and Technology",Engineering,0.503290146299838,92
Fluminense Federal University,Accounting,0.527056432215069,70
Fluminense Federal University,Architecture,0.490161991790535,47
Fluminense Federal University,Biology,0.557380316116052,20
Fluminense Federal University,Business,0.536538034904846,405
Fluminense Federal University,Chemistry,0.471795764434705,87
Fluminense Federal University,Economics,0.535534403068689,189
Fluminense Federal University,Education,0.43144474119889,258
Fluminense Federal University,Engineering,0.554350424944941,1180
Fluminense Federal University,Finance,0.547232842274139,17
Fluminense Federal University,Information Technology,0.74033743339051,15
Fluminense Federal University,Law,0.507893451410035,136
Fluminense Federal University,Marketing,0.555900660506577,15
Fluminense Federal University,Mathematics,0.456173571901768,199
Fluminense Federal University,Medicine,0.407000270685941,36
Fluminense Federal University,Nursing,0.428709976691982,27
Fluminense Federal University,Physics,0.484200910606706,66
Fluminense Federal University,Statistics,0.58715557021723,20
Fluminense University Centre,Education,0.503035160814265,11
Franciscana University,Business,0.533607524371132,10
Franciscana University,Education,0.421899675322257,10
Franciscana University,Engineering,0.704604609131885,11
Frassinetti Faculty of Recife,Business,0.550045869743985,32
Frassinetti Faculty of Recife,Education,0.434579859781051,40
Geraldo Di Biase University Centre,Business,0.534036843982059,29
Geraldo Di Biase University Centre,Education,0.413009308289569,28
Geraldo Di Biase University Centre,Engineering,0.471057127655685,37
Geraldo Di Biase University Centre,Mathematics,0.425430643413263,15
Getulio Vargas Foundation - São Paulo School of Business Administration,Business,0.520362621642573,189
Getulio Vargas Foundation - São Paulo School of Law,Business,0.521386152184172,2542
Getulio Vargas Foundation - São Paulo School of Law,Economics,0.542461446256355,176
Getulio Vargas Foundation - São Paulo School of Law,Education,0.427985471530131,21
Getulio Vargas Foundation - São Paulo School of Law,Engineering,0.532857933972279,28
Getulio Vargas Foundation - São Paulo School of Law,Finance,0.489925154833278,21
Getulio Vargas Foundation - São Paulo School of Law,Law,0.494230080664745,157
Getulio Vargas Foundation - São Paulo School of Law,Marketing,0.512612691341538,57
Getulio Vargas Foundation - São Paulo School of Law,Mathematics,0.596549208738899,15
Granbery Methodist Faculty,Business,0.525063049438783,10
Granbery Methodist Faculty,Education,0.494230461241797,16
Grupo de Ensino ISULPAR,Business,0.498387745187747,12
Guararapes University Centre,Business,0.529727835494867,43
Guararapes University Centre,Education,0.421758573524584,13
Guararapes University Centre,Engineering,0.639957479471217,50
Guararapes University Centre,Marketing,0.533486771167601,14
Higher Education Institute of the Plateau,Engineering,0.471217611446578,12
Higher Institute of Applied Sciences - ISCA Faculties,Business,0.528555981647423,33
Higher Institute of Education of CENSA,Business,0.50182745469436,11
Higher Institute of Education of CENSA,Engineering,0.480786689483379,36
Higher School of Advertising and Marketing,Business,0.520721672590831,1490
Higher School of Advertising and Marketing,Marketing,0.519639286541213,1504
Horizontina Faculty,Engineering,0.503783150856304,52
Hélio Alonso Integrated Faculties,Business,0.543993010401616,17
Hélio Alonso Integrated Faculties,Marketing,0.521377489939779,30
IBMEC University Centre,Accounting,0.523499435191995,57
IBMEC University Centre,Business,0.523056012249601,798
IBMEC University Centre,Economics,0.527193799747811,329
IBMEC University Centre,Engineering,0.565573555969144,132
IBMEC University Centre,Finance,0.539757777693653,12
IBMEC University Centre,Law,0.499692813448463,147
IBMEC University Centre,Marketing,0.552988268061092,44
IBMR University Centre,Business,0.582871150463739,85
IBMR University Centre,Education,0.440933646027546,14
IBMR University Centre,Marketing,0.532236102968,44
ICESP University Centre,Business,0.509192061498091,13
ICESP University Centre,Education,0.499827839028625,14
IDP,Law,0.529532006247384,20
IERGS/UNIASSELVI,Business,0.547023532848744,53
IERGS/UNIASSELVI,Education,0.39920916042,62
IERGS/UNIASSELVI,Marketing,0.558375767468825,22
IESAE - Instituto de Ensino Superior Albert Einstein,Education,0.434027989016978,19
IESB University Centre,Architecture,0.440939088587859,12
IESB University Centre,Business,0.512857961822577,129
IESB University Centre,Education,0.427079086167366,93
IESB University Centre,Engineering,0.632240622763946,127
IESB University Centre,Law,0.494021785499622,64
IESB University Centre,Marketing,0.505783024843939,38
IFRN,Education,0.447387430174874,20
IFRN,Engineering,0.7702316113602,10
IFRN,Physics,0.451626310187558,13
"IFTO - INSTITUTO FEDERAL DE EDUCAÇÃO, CIÊNCIA E TECNOLOGIA DO TOCANTINS",Engineering,0.499897501900312,19
INFNET Institute,Business,0.637948456802685,19
INFNET Institute,Engineering,0.709618931251348,26
INSPER Teaching and Research Institute,Business,0.528396227607996,877
INSPER Teaching and Research Institute,Economics,0.522281297828901,399
INSPER Teaching and Research Institute,Engineering,0.597755391694586,56
INTA University Centre,Education,0.416950718197268,10
ISERJ - Instituto Superior de Educação do Rio de Janeiro,Education,0.399855731521459,32
Ibirapuera University,Business,0.539595125216487,210
Ibirapuera University,Education,0.424482443439383,56
Ibirapuera University,Engineering,0.655738018741202,120
Ibirapuera University,Information Technology,0.633966787174029,17
Ibirapuera University,Law,0.511361816538885,20
Ibirapuera University,Marketing,0.52982052508666,19
Iguaçu University - Nova Iguaçu,Business,0.518629472264758,28
Iguaçu University - Nova Iguaçu,Education,0.430451158146234,53
Iguaçu University - Nova Iguaçu,Engineering,0.511548134862634,20
Iguaçu University - Nova Iguaçu,Law,0.507665590456203,13
Iguaçu University - Nova Iguaçu,Mathematics,0.450605515397283,14
Iguaçu University - Nova Iguaçu,Medicine,0.444656223077464,10
Immaculate Conception Catholic Faculty of Recife,Business,0.550621381906364,12
Impacta Tecnologia,Business,0.587000604874882,57
Impacta Tecnologia,Engineering,0.66357050169009,61
Impacta Tecnologia,Information Technology,0.681512165639125,37
Institute of Education and Higher Education of Campinas,Business,0.494910623355695,17
Institute of Education and Research of the State of Sao Paulo,Business,0.518242847011708,16
Institute of Education of Parana,Education,0.46199555524931,10
Institute of Mathematics and Statistics at University of São Paulo,Engineering,0.680734855747516,20
Institute of Mathematics and Statistics at University of São Paulo,Mathematics,0.522743054144345,62
Institute of Mathematics and Statistics at University of São Paulo,Statistics,0.638711539588719,12
Instituto Federal de Goiás (IFG),Chemistry,0.482058457482746,50
Instituto Federal de Goiás (IFG),Education,0.443404662616919,29
Instituto Federal de Goiás (IFG),Engineering,0.60883017845641,32
Instituto Metodista Bennett,Architecture,0.431780561832096,11
Instituto Metodista Bennett,Business,0.601300715791131,15
Instituto Militar de Engenharia,Engineering,0.560667076157834,211
Instituto Singularidades,Education,0.374859175586402,48
Instituto Vianna Júnior,Law,0.531871676200837,21
Instituto de Ciências Matemáticas e de Computação (ICMC) - USP,Engineering,0.70775331759198,30
Integrated Faculties of Aracruz,Engineering,0.456385895409595,40
Integrated Faculties of Araraquara,Business,0.496851328207867,10
Integrated Faculties of Araraquara,Education,0.311683992511231,10
Integrated Faculties of Araraquara,Engineering,0.485021836928306,23
Integrated Faculties of Araraquara,Mathematics,0.513092655580932,18
Integrated Faculties of Ariquemes,Education,0.360236324306525,11
Integrated Faculties of Ariquemes,Mathematics,0.495452455256397,26
"Integrated Faculties of Human Sciences, Health and Education of Guarulhos",Education,0.37855716516533,17
Integrated Faculties of Taquara,Business,0.527096393077996,19
Integrated Faculties of Upis,Business,0.52022872456715,61
Integrated Faculties of Upis,Education,0.381085720034182,13
Integrated Regional Faculties of Avaré,Education,0.463799592516759,10
Integrated University Centre of Campo Mourão,Education,0.406616767817047,10
International University Centre,Accounting,0.511642663604884,37
International University Centre,Business,0.525979238591413,373
International University Centre,Education,0.428903293994913,952
International University Centre,Engineering,0.559986615183041,146
International University Centre,Information Technology,0.596007513007824,23
International University Centre,Marketing,0.512792450243696,153
International University Centre,Mathematics,0.458921316463402,186
International University Centre,Physics,0.486773213331648,11
Italian-Brazilian University Centre,Business,0.548330090037566,33
Italian-Brazilian University Centre,Education,0.403266447079751,17
Izabela Hendrix Methodist University Centre,Architecture,0.490797933961324,65
Izabela Hendrix Methodist University Centre,Business,0.558988863807938,34
Izabela Hendrix Methodist University Centre,Education,0.380724079832894,30
Izabela Hendrix Methodist University Centre,Engineering,0.497174969951261,48
Jorge Amado University Centre,Architecture,0.459503226198115,10
Jorge Amado University Centre,Business,0.518709373864579,100
Jorge Amado University Centre,Education,0.396902722254545,81
Jorge Amado University Centre,Engineering,0.513590818610363,127
Jorge Amado University Centre,Law,0.493263060190393,24
Jorge Amado University Centre,Marketing,0.492510077801475,16
Jorge Amado University Centre,Nursing,0.364520600321857,14
Júlio de Mesquita Filho São Paulo State University,Architecture,0.500421895535014,79
Júlio de Mesquita Filho São Paulo State University,Biology,0.500902724694617,82
Júlio de Mesquita Filho São Paulo State University,Business,0.543631707874939,232
Júlio de Mesquita Filho São Paulo State University,Chemistry,0.49144349928472,187
Júlio de Mesquita Filho São Paulo State University,Economics,0.549207279174528,137
Júlio de Mesquita Filho São Paulo State University,Education,0.422952949793918,558
Júlio de Mesquita Filho São Paulo State University,Engineering,0.568348927178287,1719
Júlio de Mesquita Filho São Paulo State University,Information Technology,0.718443980595317,17
Júlio de Mesquita Filho São Paulo State University,Law,0.481855965020251,49
Júlio de Mesquita Filho São Paulo State University,Mathematics,0.464212734861819,166
Júlio de Mesquita Filho São Paulo State University,Medicine,0.39745395018909,39
Júlio de Mesquita Filho São Paulo State University,Physics,0.502833491449065,161
Júlio de Mesquita Filho São Paulo State University,Statistics,0.616011350338318,15
Leonardo da Vinci University Centre,Education,0.442546394185389,17
Lourenço Filho Faculty,Engineering,0.777646054799757,18
Lusíada University Centre,Business,0.508676715562094,16
Lutheran University Centre of Manaus,Engineering,0.532872958783784,15
Lutheran University of Brazil,Accounting,0.56469927811114,12
Lutheran University of Brazil,Architecture,0.486108227935776,37
Lutheran University of Brazil,Business,0.523012617194853,419
Lutheran University of Brazil,Chemistry,0.452310014975178,52
Lutheran University of Brazil,Education,0.425296632480673,403
Lutheran University of Brazil,Engineering,0.558980596057463,277
Lutheran University of Brazil,Information Technology,0.636045360380687,33
Lutheran University of Brazil,Law,0.498607057401322,54
Lutheran University of Brazil,Marketing,0.519707137747231,23
Lutheran University of Brazil,Mathematics,0.477430343934743,52
Lutheran University of Brazil,Medicine,0.428244220046781,10
Lutheran University of Brazil,Physics,0.445873926449932,34
Machado Sobrinho Faculty,Business,0.513150920233947,42
Machado de Assis Faculty,Business,0.48393101984461,22
Machado de Assis Faculty,Education,0.435452768782881,14
Mackenzie Presbyterian University,Accounting,0.539844735943825,169
Mackenzie Presbyterian University,Architecture,0.490763944870297,537
Mackenzie Presbyterian University,Biology,0.498900577361017,32
Mackenzie Presbyterian University,Business,0.54054489431534,2862
Mackenzie Presbyterian University,Chemistry,0.534561462597405,87
Mackenzie Presbyterian University,Economics,0.546914026722714,316
Mackenzie Presbyterian University,Education,0.416587024138104,112
Mackenzie Presbyterian University,Engineering,0.579834277372084,1170
Mackenzie Presbyterian University,Finance,0.566662016159731,28
Mackenzie Presbyterian University,Information Technology,0.665009597135322,143
Mackenzie Presbyterian University,Law,0.489864832783992,1075
Mackenzie Presbyterian University,Marketing,0.52310280693891,770
Mackenzie Presbyterian University,Mathematics,0.4935444823764,30
Mauá University Centre of Brasilia,Education,0.476805849434291,27
Max Planck University Centre,Business,0.535821185978568,32
Max Planck University Centre,Engineering,0.541157705731313,33
Merchant Navy Officers School - Brazilian Navy,Engineering,0.352909446016756,20
Methodist University Centre,Business,0.513659085125185,42
Methodist University Centre,Education,0.400205199264794,37
Methodist University Centre,Engineering,0.478895085582096,11
Methodist University Centre,Marketing,0.580937969783967,10
Methodist University of Piracicaba,Business,0.54560038176231,10
Methodist University of São Paulo,Accounting,0.540078437253396,55
Methodist University of São Paulo,Biology,0.494364981539256,10
Methodist University of São Paulo,Business,0.536146121974077,732
Methodist University of São Paulo,Economics,0.531690656544684,26
Methodist University of São Paulo,Education,0.408379895430715,167
Methodist University of São Paulo,Engineering,0.650227455316863,158
Methodist University of São Paulo,Information Technology,0.640675590853558,33
Methodist University of São Paulo,Law,0.531271876506208,24
Methodist University of São Paulo,Marketing,0.519618321513547,212
Methodist University of São Paulo,Mathematics,0.481599456624767,27
Methodist University of São Paulo,Medicine,0.46113642679481,21
Metropolitan University Centre of São Paulo,Education,0.422027539163886,13
Metropolitan University of Santos,Accounting,0.52605302024474,11
Metropolitan University of Santos,Business,0.543155897151256,113
Metropolitan University of Santos,Chemistry,0.405570566294896,52
Metropolitan University of Santos,Education,0.411834125859632,438
Metropolitan University of Santos,Marketing,0.548584669683729,10
Metropolitan University of Santos,Mathematics,0.441225800799703,92
Metropolitan University of Santos,Medicine,0.445232694020158,15
Metropolitan University of Santos,Physics,0.386656950508322,50
Milton Campos Faculties,Business,0.551278094174291,30
Milton Campos Faculties,Law,0.483925829002994,125
Module University Centre,Education,0.389834822190367,17
Mogiana Faculty of the State of São Paulo,Engineering,0.62965637500716,19
Montes Claros Faculty of Science and Technology,Engineering,0.601170368520615,52
Montessori Faculty of Salvador,Business,0.570984085194907,15
Mozarteum Faculty of São Paulo,Education,0.394397550662317,20
Multivix Faculty of Nova Venécia,Accounting,0.566138854190262,10
Multivix Faculty of Nova Venécia,Architecture,0.472168598106086,32
Multivix Faculty of Nova Venécia,Business,0.49586300564043,54
Multivix Faculty of Nova Venécia,Education,0.466579307167567,79
Multivix Faculty of Nova Venécia,Engineering,0.470133403038971,155
Multivix Faculty of Nova Venécia,Law,0.510986836540774,32
Municipal Faculty of Palhoça,Business,0.521867544251766,13
Municipal Faculty of Palhoça,Education,0.426543772639667,10
Municipal Higher Education Institute of Assis,Engineering,0.803967858883559,14
Municipal University Centre of Franca,Business,0.543172721436041,20
Municipal University Centre of Franca,Mathematics,0.427563920876234,10
Municipal University of São Caetano do Sul,Accounting,0.54454645428428,26
Municipal University of São Caetano do Sul,Business,0.539716980191478,246
Municipal University of São Caetano do Sul,Economics,0.544888051962212,13
Municipal University of São Caetano do Sul,Education,0.423379073370587,47
Municipal University of São Caetano do Sul,Engineering,0.662295714547058,120
Municipal University of São Caetano do Sul,Information Technology,0.636430565869888,14
Municipal University of São Caetano do Sul,Law,0.51626217031476,36
Municipal University of São Caetano do Sul,Marketing,0.518493372339822,32
National Institute of Telecommunications,Engineering,0.615284028316565,387
National School of Insurance,Business,0.56840781100245,21
National School of Statistics,Statistics,0.648831227574494,24
Newton Paiva University Centre,Accounting,0.556297538858752,16
Newton Paiva University Centre,Architecture,0.523798726534806,10
Newton Paiva University Centre,Business,0.526127793910513,253
Newton Paiva University Centre,Education,0.427074432239886,43
Newton Paiva University Centre,Engineering,0.492716554624323,113
Newton Paiva University Centre,Information Technology,0.622745699499414,20
Newton Paiva University Centre,Law,0.517971351648091,43
Newton Paiva University Centre,Marketing,0.501908628779138,36
Nilton Lins University,Business,0.520908947835359,35
Nilton Lins University,Education,0.413931054062014,62
Nilton Lins University,Engineering,0.479793297111171,18
Nilton Lins University,Law,0.585482326835386,10
Ninth of July University,Accounting,0.542772103394429,122
Ninth of July University,Architecture,0.496004220302292,95
Ninth of July University,Business,0.544788463429695,1507
Ninth of July University,Chemistry,0.430712706934924,66
Ninth of July University,Economics,0.566018993612356,32
Ninth of July University,Education,0.416599327340164,1348
Ninth of July University,Engineering,0.583989042877465,1137
Ninth of July University,Finance,0.544636372278065,13
Ninth of July University,Information Technology,0.648711171476087,128
Ninth of July University,Law,0.528785997954321,123
Ninth of July University,Marketing,0.537280203338378,346
Ninth of July University,Mathematics,0.465253317195912,122
Ninth of July University,Nursing,0.371285717959922,101
Oswaldo Cruz Faculties,Accounting,0.541735532306761,14
Oswaldo Cruz Faculties,Business,0.554824666678517,102
Oswaldo Cruz Faculties,Chemistry,0.47645018433522,138
Oswaldo Cruz Faculties,Economics,0.559238228774214,15
Oswaldo Cruz Faculties,Education,0.444220359083017,46
Oswaldo Cruz Faculties,Engineering,0.518805870366735,284
Oswaldo Cruz Faculties,Marketing,0.545000193905398,12
Oswaldo Cruz Faculties,Mathematics,0.463701144010053,24
Our Lady of the Patronage University Centre,Business,0.477389752389782,11
Our Lady of the Patronage University Centre,Engineering,0.562635844225033,15
Padre Anchieta University Centre,Accounting,0.535044845202244,17
Padre Anchieta University Centre,Business,0.526822695025553,138
Padre Anchieta University Centre,Education,0.399560218095549,62
Padre Anchieta University Centre,Engineering,0.505518681116465,180
Padre Anchieta University Centre,Information Technology,0.707822338614287,10
Padre Anchieta University Centre,Law,0.536993282304436,18
Padre Anchieta University Centre,Marketing,0.522467885932055,14
Paschoal Dantas Faculty,Education,0.354268519597669,15
Paulista University,Accounting,0.527175738605177,372
Paulista University,Architecture,0.492509907371295,296
Paulista University,Biology,0.468793625508259,11
Paulista University,Business,0.540280426802443,3847
Paulista University,Chemistry,0.481485291233721,50
Paulista University,Economics,0.541797724178457,85
Paulista University,Education,0.405186489991076,1922
Paulista University,Engineering,0.562256776078453,3070
Paulista University,Finance,0.542211901920575,43
Paulista University,Information Technology,0.651557399423255,225
Paulista University,Law,0.514888754095179,569
Paulista University,Marketing,0.521327699799291,970
Paulista University,Mathematics,0.461160473493882,265
Paulista University,Medicine,0.380321416832043,35
Paulista University,Nursing,0.41048222907034,112
Paulista University,Physics,0.434069435211579,48
Paulistana Faculty of Education,Education,0.424271377503177,34
Paulistana Faculty of Education,Mathematics,0.538947487177108,12
Pitágoras University Centre of Fortaleza,Accounting,0.610622851621739,27
Pitágoras University Centre of Fortaleza,Architecture,0.465243934163989,26
Pitágoras University Centre of Fortaleza,Business,0.526867170178262,386
Pitágoras University Centre of Fortaleza,Education,0.424818392760973,170
Pitágoras University Centre of Fortaleza,Engineering,0.505283529360939,699
Pitágoras University Centre of Fortaleza,Information Technology,0.668620727842334,23
Pitágoras University Centre of Fortaleza,Law,0.511998262575972,64
Pitágoras University Centre of Fortaleza,Marketing,0.501011154780329,58
Pitágoras University Centre of Fortaleza,Mathematics,0.473752202337605,12
Pitágoras University Centre of Fortaleza,Nursing,0.401046669410959,23
Pitágoras Unopar Anhanguera University,Accounting,0.528698626470624,97
Pitágoras Unopar Anhanguera University,Architecture,0.492701629286079,16
Pitágoras Unopar Anhanguera University,Business,0.515945670122295,957
Pitágoras Unopar Anhanguera University,Chemistry,0.519170787434154,19
Pitágoras Unopar Anhanguera University,Economics,0.47950743242167,17
Pitágoras Unopar Anhanguera University,Education,0.423009796937568,2012
Pitágoras Unopar Anhanguera University,Engineering,0.586937485895297,216
Pitágoras Unopar Anhanguera University,Information Technology,0.654383477431062,26
Pitágoras Unopar Anhanguera University,Law,0.493602973850302,38
Pitágoras Unopar Anhanguera University,Marketing,0.508661930610476,251
Pitágoras Unopar Anhanguera University,Mathematics,0.453853527700362,227
Planalto University Centre of the Federal District - UNIPLAN,Business,0.482098919392818,14
Planalto University Centre of the Federal District - UNIPLAN,Education,0.40363159892832,47
Polytechnic Faculty of Campinas,Business,0.543053281671878,11
Polytechnic School of UFRJ,Engineering,0.53935914737255,95
Pontifical Catholic University of Goiás,Accounting,0.552302524687023,13
Pontifical Catholic University of Goiás,Architecture,0.48521103210177,70
Pontifical Catholic University of Goiás,Business,0.512463807640422,138
Pontifical Catholic University of Goiás,Chemistry,0.437460127792648,19
Pontifical Catholic University of Goiás,Economics,0.51751915492496,10
Pontifical Catholic University of Goiás,Education,0.430974941221252,62
Pontifical Catholic University of Goiás,Engineering,0.576035044093086,300
Pontifical Catholic University of Goiás,Law,0.490456628192494,139
Pontifical Catholic University of Goiás,Marketing,0.498094797630304,21
Pontifical Catholic University of Goiás,Mathematics,0.496929651416844,17
Pontifical Catholic University of Goiás,Physics,0.494569312234339,10
Pontifical Catholic University of Minas,Accounting,0.543511421956044,142
Pontifical Catholic University of Minas,Architecture,0.496487598509325,139
Pontifical Catholic University of Minas,Biology,0.469194351525236,13
Pontifical Catholic University of Minas,Business,0.537145375336326,796
Pontifical Catholic University of Minas,Economics,0.527510604815746,71
Pontifical Catholic University of Minas,Education,0.41378210602244,124
Pontifical Catholic University of Minas,Engineering,0.57937134485052,1616
Pontifical Catholic University of Minas,Information Technology,0.725410623499452,102
Pontifical Catholic University of Minas,Law,0.507202425192556,326
Pontifical Catholic University of Minas,Marketing,0.51394531333253,50
Pontifical Catholic University of Minas,Mathematics,0.482348055950429,49
Pontifical Catholic University of Minas,Medicine,0.413792233953556,36
Pontifical Catholic University of Minas,Nursing,0.376645830310724,14
Pontifical Catholic University of Minas,Physics,0.453472864798995,39
Pontifical Catholic University of Paraná,Accounting,0.534628900796452,39
Pontifical Catholic University of Paraná,Architecture,0.481245679782994,138
Pontifical Catholic University of Paraná,Biology,0.541296689813694,16
Pontifical Catholic University of Paraná,Business,0.533895738239833,504
Pontifical Catholic University of Paraná,Chemistry,0.477853542652368,48
Pontifical Catholic University of Paraná,Economics,0.552372781987176,24
Pontifical Catholic University of Paraná,Education,0.450519067670409,182
Pontifical Catholic University of Paraná,Engineering,0.558723187264741,677
Pontifical Catholic University of Paraná,Information Technology,0.71909894725723,44
Pontifical Catholic University of Paraná,Law,0.48511305692471,254
Pontifical Catholic University of Paraná,Marketing,0.530196420993899,85
Pontifical Catholic University of Paraná,Mathematics,0.499485165224865,32
Pontifical Catholic University of Paraná,Medicine,0.387856470687809,24
Pontifical Catholic University of Paraná,Physics,0.443590047819933,10
Pontifical Catholic University of Rio Grande do Sul,Accounting,0.58301876016005,15
Pontifical Catholic University of Rio Grande do Sul,Architecture,0.499887439558086,59
Pontifical Catholic University of Rio Grande do Sul,Business,0.539786953385525,696
Pontifical Catholic University of Rio Grande do Sul,Chemistry,0.517932469206497,32
Pontifical Catholic University of Rio Grande do Sul,Economics,0.528067349651373,57
Pontifical Catholic University of Rio Grande do Sul,Education,0.432097781870469,123
Pontifical Catholic University of Rio Grande do Sul,Engineering,0.605266005182838,583
Pontifical Catholic University of Rio Grande do Sul,Finance,0.527960431070105,15
Pontifical Catholic University of Rio Grande do Sul,Information Technology,0.725266585220804,33
Pontifical Catholic University of Rio Grande do Sul,Law,0.499950056374809,198
Pontifical Catholic University of Rio Grande do Sul,Marketing,0.523369694488068,43
Pontifical Catholic University of Rio Grande do Sul,Mathematics,0.473073878451459,29
Pontifical Catholic University of Rio Grande do Sul,Physics,0.478295318596572,27
Pontifical Catholic University of Rio de Janeiro,Architecture,0.492884720167501,132
Pontifical Catholic University of Rio de Janeiro,Business,0.527279806723387,692
Pontifical Catholic University of Rio de Janeiro,Economics,0.533890165712667,270
Pontifical Catholic University of Rio de Janeiro,Education,0.454233838887438,22
Pontifical Catholic University of Rio de Janeiro,Engineering,0.554928448085472,1011
Pontifical Catholic University of Rio de Janeiro,Information Technology,0.67910352634975,25
Pontifical Catholic University of Rio de Janeiro,Law,0.484294512613122,384
Pontifical Catholic University of Rio de Janeiro,Marketing,0.514275724047102,74
Pontifical Catholic University of Rio de Janeiro,Mathematics,0.608126843985127,11
Pontifical Catholic University of Rio de Janeiro,Physics,0.496558251487354,11
Pontifical Catholic University of São Paulo,Accounting,0.53847145307922,165
Pontifical Catholic University of São Paulo,Business,0.529172286475123,1491
Pontifical Catholic University of São Paulo,Economics,0.535296067047183,463
Pontifical Catholic University of São Paulo,Education,0.396298235190455,118
Pontifical Catholic University of São Paulo,Engineering,0.606838546121477,242
Pontifical Catholic University of São Paulo,Finance,0.525314873426576,17
Pontifical Catholic University of São Paulo,Law,0.484827297369266,820
Pontifical Catholic University of São Paulo,Marketing,0.510852478152575,59
Pontifical Catholic University of São Paulo,Mathematics,0.499272849156743,11
Pontifical Catholic University of São Paulo,Medicine,0.443047150930088,15
Pontifícia Universidade Católica de Campinas,Accounting,0.539704319762477,59
Pontifícia Universidade Católica de Campinas,Architecture,0.478853564236983,121
Pontifícia Universidade Católica de Campinas,Biology,0.449138360357616,11
Pontifícia Universidade Católica de Campinas,Business,0.542219799797971,836
Pontifícia Universidade Católica de Campinas,Chemistry,0.507762142221611,38
Pontifícia Universidade Católica de Campinas,Economics,0.531801278727629,132
Pontifícia Universidade Católica de Campinas,Education,0.387890193179118,59
Pontifícia Universidade Católica de Campinas,Engineering,0.595975059106313,424
Pontifícia Universidade Católica de Campinas,Information Technology,0.704637869833934,50
Pontifícia Universidade Católica de Campinas,Law,0.500089122673653,207
Pontifícia Universidade Católica de Campinas,Marketing,0.519623360738295,150
Pontifícia Universidade Católica de Campinas,Mathematics,0.433114471961372,30
Pontifícia Universidade Católica de Campinas,Medicine,0.469897635518443,10
Portuguese-Brazilian Faculty,Business,0.547751942048623,85
Portuguese-Brazilian Faculty,Education,0.379526321648373,92
Portuguese-Brazilian Faculty,Engineering,0.536572348735398,20
Portuguese-Brazilian Faculty,Mathematics,0.474635917291138,11
Potiguar University,Accounting,0.558851390836654,13
Potiguar University,Architecture,0.485864376353637,43
Potiguar University,Business,0.520017788892536,196
Potiguar University,Education,0.420602580078771,70
Potiguar University,Engineering,0.507176807315809,126
Potiguar University,Law,0.483398555132555,51
Potiguar University,Marketing,0.5051013848404,47
Potiguar University,Nursing,0.364456514429284,15
President Antônio Carlos University Centre,Business,0.510557774136655,175
President Antônio Carlos University Centre,Education,0.404915073501188,130
President Antônio Carlos University Centre,Engineering,0.537062057311382,132
President Antônio Carlos University Centre,Information Technology,0.686731342191367,15
President Antônio Carlos University Centre,Law,0.486927324625472,24
President Antônio Carlos University Centre,Marketing,0.494247743102005,11
President Antônio Carlos University Centre,Mathematics,0.458378637225433,14
President Antônio Carlos University Centre,Medicine,0.465450265917309,12
Prof. José de Souza Herdy University of Grande Rio,Business,0.509858861157693,34
Professor Franco Montoro Municipal Faculty,Business,0.526713420024484,20
Professor Miguel Ângelo da Silva Santos Faculty,Business,0.501587047536783,26
Professor Miguel Ângelo da Silva Santos Faculty,Engineering,0.467363299196426,41
Promove Faculty of Sete Lagoas,Business,0.532747794696772,42
REGES Faculty of Dracena,Business,0.517918877318128,28
Redentor University Centre,Engineering,0.459033355728103,36
Regional Community University of Chapecó,Architecture,0.489795248540538,16
Regional Community University of Chapecó,Business,0.484075121303408,26
Regional Community University of Chapecó,Education,0.412891889573112,14
Regional Community University of Chapecó,Engineering,0.609919998409541,43
Regional Community University of Chapecó,Law,0.492311187464975,11
Regional Community University of Chapecó,Mathematics,0.502247104767699,10
Regional Integrated University of Upper Uruguai and Missions,Business,0.537056800069157,45
Regional Integrated University of Upper Uruguai and Missions,Education,0.419957094493711,35
Regional Integrated University of Upper Uruguai and Missions,Engineering,0.60314223148792,88
Regional Integrated University of Upper Uruguai and Missions,Law,0.500633131038548,21
Regional Integrated University of Upper Uruguai and Missions,Mathematics,0.455072448509229,22
Regional University Centre of Espirito Santo do Pinhal,Business,0.52657990929195,20
Regional University Centre of Espirito Santo do Pinhal,Engineering,0.551967206510287,37
Regional University of Blumenau,Accounting,0.535077772400281,26
Regional University of Blumenau,Architecture,0.502119533942365,25
Regional University of Blumenau,Business,0.552452999140708,144
Regional University of Blumenau,Chemistry,0.433742433130638,18
Regional University of Blumenau,Economics,0.584703239079806,13
Regional University of Blumenau,Education,0.4074586613951,49
Regional University of Blumenau,Engineering,0.60162972592316,303
Regional University of Blumenau,Information Technology,0.67962221506412,16
Regional University of Blumenau,Law,0.498711689874177,48
Regional University of Blumenau,Marketing,0.532063102466839,21
Regional University of Blumenau,Mathematics,0.40055471869463,16
Regional University of Cariri,Education,0.429098966717317,71
Regional University of Cariri,Engineering,0.509161591840077,10
Regional University of Cariri,Law,0.504771087518466,11
Regional University of Cariri,Mathematics,0.42775744958723,25
Regional University of the Northwest of the State of Rio Grande do Sul,Business,0.491213207898483,36
Regional University of the Northwest of the State of Rio Grande do Sul,Education,0.468143740180852,17
Regional University of the Northwest of the State of Rio Grande do Sul,Engineering,0.562213097420726,68
Regional University of the Northwest of the State of Rio Grande do Sul,Mathematics,0.403371006938414,10
Rio Branco Integrated Faculties of Granja Vianna,Business,0.576176935885298,58
Rio Branco Integrated Faculties of Granja Vianna,Education,0.450195570649946,11
Rio Branco Integrated Faculties of Granja Vianna,Law,0.506036289266005,24
Rio Branco Integrated Faculties of Granja Vianna,Marketing,0.543914229688866,17
Rio Verde Valley University Centre,Business,0.505010082047135,21
Rio Verde Valley University Centre,Education,0.361092975829571,36
Rio Verde Valley University Centre,Engineering,0.598008593360911,14
Ritter dos Reis University Centre,Accounting,0.541094335869136,11
Ritter dos Reis University Centre,Architecture,0.511555182612885,44
Ritter dos Reis University Centre,Business,0.541460870577803,108
Ritter dos Reis University Centre,Education,0.352006365329902,49
Ritter dos Reis University Centre,Engineering,0.581681752170579,85
Ritter dos Reis University Centre,Law,0.485293662692181,62
Ritter dos Reis University Centre,Marketing,0.598372930693207,15
Ritter dos Reis University Centre,Medicine,0.33487092332561,12
Roberto Mange SENAI Faculty of Technology,Engineering,0.590475884936985,14
SENAC Faculty of Caçador,Business,0.498450135782433,93
SENAC Faculty of Caçador,Education,0.416079124328762,10
SENAC Faculty of Caçador,Engineering,0.598411534340151,42
SENAC Faculty of Caçador,Information Technology,0.619867687945101,21
SENAC Faculty of Caçador,Marketing,0.571562893019459,25
SENAC Faculty of Porto Alegre,Business,0.498888017340087,12
SENAI CIMATEC University Centre,Engineering,0.59744031900878,41
SENAI Faculty of Technology of São Paulo,Business,0.505742370471334,15
SENAI Faculty of Technology of São Paulo,Engineering,0.490299727863293,45
SENAI University Center of Blumenau,Business,0.560385755403408,12
SENAI University Center of Blumenau,Engineering,0.539459185974965,30
SENAI-CETIQT Faculty,Engineering,0.510043357554908,15
SOCIESC University Centre,Accounting,0.56939647331828,11
SOCIESC University Centre,Architecture,0.506313848178996,26
SOCIESC University Centre,Business,0.535116143762774,46
SOCIESC University Centre,Education,0.384495134822513,14
SOCIESC University Centre,Engineering,0.55534657037271,190
SOCIESC University Centre,Information Technology,0.677279578262339,10
SOCIESC University Centre,Law,0.510654091524038,15
Saint Anna University Centre,Business,0.534011040610514,122
Saint Anna University Centre,Education,0.39866951914557,63
Saint Anna University Centre,Engineering,0.628958316134801,60
Saint Cecília University,Accounting,0.552078983092267,11
Saint Cecília University,Architecture,0.4683298519389,26
Saint Cecília University,Biology,0.456292098833193,18
Saint Cecília University,Business,0.526134957893557,115
Saint Cecília University,Education,0.402231701451924,135
Saint Cecília University,Engineering,0.548031499612677,417
Saint Cecília University,Information Technology,0.576934742818064,11
Saint Cecília University,Law,0.511240452002584,29
Saint Cecília University,Marketing,0.533305600305997,25
Saint Francis University,Architecture,0.493042786924932,26
Saint Francis University,Business,0.53358761681002,169
Saint Francis University,Chemistry,0.452595284127254,10
Saint Francis University,Education,0.372562261135227,32
Saint Francis University,Engineering,0.538888252023755,291
Saint Francis University,Law,0.490633279225377,35
Saint Francis University,Mathematics,0.444970810254579,11
Saint Francis of Assisi Faculty,Business,0.552938565282385,12
Saint Helena Faculty,Business,0.522464178429619,35
Saint José University Centre,Business,0.568079094182753,33
Saint Jude Thaddeus Faculty,Business,0.512275098032784,11
Saint Louis Faculty of Education,Business,0.541447208310799,25
Saint Louis Faculty of Education,Education,0.412876911646002,32
Saint Lucas University Centre,Business,0.524911972334019,19
Saint Lucy Faculty,Business,0.483908130018454,13
Saint Úrsula University,Architecture,0.475210552417517,22
Saint Úrsula University,Business,0.512916523165801,20
Saint Úrsula University,Engineering,0.521643066882079,61
Salesian University Centre of São Paulo,Accounting,0.576192165450294,16
Salesian University Centre of São Paulo,Business,0.546504494073556,269
Salesian University Centre of São Paulo,Education,0.406526972118723,64
Salesian University Centre of São Paulo,Engineering,0.545292840105479,326
Salesian University Centre of São Paulo,Information Technology,0.765065907664785,11
Salesian University Centre of São Paulo,Law,0.503765481781544,72
Salesian University Centre of São Paulo,Marketing,0.52724080584378,25
Salesian University Centre of São Paulo,Mathematics,0.392666713120835,16
Salgado de Oliveira University,Business,0.527948204776547,193
Salgado de Oliveira University,Education,0.397503559869795,159
Salgado de Oliveira University,Engineering,0.528270920149743,194
Salgado de Oliveira University,Information Technology,0.615483588516112,14
Salgado de Oliveira University,Law,0.493236904837558,93
Salgado de Oliveira University,Marketing,0.481219160936826,11
Salgado de Oliveira University,Mathematics,0.419085187801294,32
Salgado de Oliveira University,Nursing,0.394983793041548,22
Salvador University,Accounting,0.536390846001753,20
Salvador University,Architecture,0.492236459238988,86
Salvador University,Business,0.519359348459367,285
Salvador University,Economics,0.570373835199244,16
Salvador University,Education,0.432458609726688,53
Salvador University,Engineering,0.547456800020371,495
Salvador University,Information Technology,0.689381523432742,18
Salvador University,Law,0.483388345930238,53
Salvador University,Marketing,0.528539683704911,69
Salvador University,Nursing,0.338104836525651,12
Santa Barbara Faculty of Higher Education,Business,0.554603562309257,10
School of Engineering of Piracicaba,Engineering,0.535127439576985,30
School of Public Ministry,Law,0.519291673061455,23
Senac Minas Faculty,Business,0.496085642445136,19
Senac RJ,Business,0.518710925674682,14
Senac University Centre,Accounting,0.543874470968074,26
Senac University Centre,Architecture,0.513480826535714,24
Senac University Centre,Business,0.545209942031003,262
Senac University Centre,Education,0.447771924258411,33
Senac University Centre,Engineering,0.636591729638521,106
Senac University Centre,Information Technology,0.672319437960742,41
Senac University Centre,Marketing,0.56411170453982,48
Serra Gaucha University Centre,Business,0.526023191938596,77
Serra Gaucha University Centre,Education,0.349444900816422,11
Serra Gaucha University Centre,Engineering,0.524268642239975,23
Serra Gaucha University Centre,Marketing,0.517528653835223,12
Serra dos Orgãos University Centre,Business,0.610985793767979,12
Serra dos Orgãos University Centre,Engineering,0.691885602954483,25
Seventh of September University Centre,Business,0.549381006228365,11
Seventh of September University Centre,Law,0.528465718299599,12
Simonsen Integrated Faculties,Business,0.534240901121872,31
Simonsen Integrated Faculties,Education,0.464246493967345,40
Sociedade de Ensino Superior de Vitória Ltda.,Law,0.507170561469386,56
Souza Marques Technical-Educational Foundation,Chemistry,0.443114528138764,17
Souza Marques Technical-Educational Foundation,Education,0.434325119546135,10
Souza Marques Technical-Educational Foundation,Engineering,0.431931351358371,36
State University Centre of the Western Zone,Engineering,0.656196356994327,23
State University of Alagoas,Education,0.388444291702892,22
State University of Alagoas,Mathematics,0.387719897660528,10
State University of Ceará,Business,0.516861711808189,126
State University of Ceará,Chemistry,0.446391341065669,82
State University of Ceará,Education,0.444064366726934,163
State University of Ceará,Engineering,0.641322844431619,90
State University of Ceará,Mathematics,0.49371280703945,71
State University of Ceará,Medicine,0.400361225659263,13
State University of Ceará,Physics,0.448294214281478,34
State University of Feira de Santana,Business,0.537708748333879,13
State University of Feira de Santana,Education,0.448304896430037,41
State University of Feira de Santana,Engineering,0.59238982708864,53
State University of Feira de Santana,Physics,0.452430042212613,10
State University of Goiás,Architecture,0.494098199183198,33
State University of Goiás,Business,0.531575322193076,77
State University of Goiás,Chemistry,0.52916929418022,38
State University of Goiás,Education,0.444323639266509,264
State University of Goiás,Engineering,0.510053435247443,50
State University of Goiás,Information Technology,0.709434095489217,15
State University of Goiás,Mathematics,0.453003939008296,111
State University of Goiás,Physics,0.435397599699012,11
State University of Londrina,Accounting,0.546187977227601,28
State University of Londrina,Architecture,0.512722314909775,36
State University of Londrina,Biology,0.46726457538281,11
State University of Londrina,Business,0.537674169928201,196
State University of Londrina,Chemistry,0.501038630987825,41
State University of Londrina,Economics,0.527698134830948,56
State University of Londrina,Education,0.442265179814146,147
State University of Londrina,Engineering,0.593910833908601,190
State University of Londrina,Law,0.479416033421597,70
State University of Londrina,Mathematics,0.520401060251153,30
State University of Londrina,Medicine,0.4079502365808,19
State University of Londrina,Physics,0.482569557244659,39
State University of Maranhão,Architecture,0.512964716720052,24
State University of Maranhão,Business,0.515391469920118,65
State University of Maranhão,Chemistry,0.455713863280009,26
State University of Maranhão,Education,0.437667111102662,183
State University of Maranhão,Engineering,0.521109946461507,88
State University of Maranhão,Mathematics,0.422406682457994,47
State University of Maranhão,Physics,0.413130960371694,11
State University of Maringá,Architecture,0.510040807793307,23
State University of Maringá,Business,0.528517226793763,141
State University of Maringá,Chemistry,0.486192383681439,41
State University of Maringá,Economics,0.546299364567989,49
State University of Maringá,Education,0.447083891830933,137
State University of Maringá,Engineering,0.541897203611879,418
State University of Maringá,Law,0.532312583346387,45
State University of Maringá,Mathematics,0.470888850200325,32
State University of Maringá,Physics,0.4793541787301,53
State University of Mato Grosso do Sul,Business,0.665395063445099,10
State University of Mato Grosso do Sul,Chemistry,0.433472289287505,29
State University of Mato Grosso do Sul,Education,0.359255788125485,47
State University of Mato Grosso do Sul,Engineering,0.598233314894442,47
State University of Mato Grosso do Sul,Mathematics,0.477746443008718,23
State University of Mato Grosso do Sul,Physics,0.485340139089645,11
State University of Montes Claros,Business,0.496411882293362,30
State University of Montes Claros,Economics,0.489685191478265,12
State University of Montes Claros,Education,0.471217879070494,115
State University of Montes Claros,Engineering,0.624881073900874,21
State University of Montes Claros,Law,0.524511569629073,12
State University of Montes Claros,Mathematics,0.47060800600068,29
State University of Paraíba,Business,0.548545353293459,43
State University of Paraíba,Chemistry,0.474176936451474,26
State University of Paraíba,Education,0.437682374390399,133
State University of Paraíba,Engineering,0.644288164657158,52
State University of Paraíba,Law,0.48835782974301,24
State University of Paraíba,Mathematics,0.456985017035613,30
State University of Paraíba,Physics,0.419646055284546,22
State University of Piauí,Business,0.514018706039873,23
State University of Piauí,Chemistry,0.471309757198282,25
State University of Piauí,Education,0.427998100361673,221
State University of Piauí,Engineering,0.642406873658636,61
State University of Piauí,Law,0.528896745243258,14
State University of Piauí,Mathematics,0.469492446812594,29
State University of Piauí,Physics,0.468876391569503,15
State University of Rio Grande do Sul,Education,0.421234664224301,27
State University of Rio Grande do Sul,Engineering,0.556097982615348,45
State University of Santa Cruz,Business,0.513676972463441,43
State University of Santa Cruz,Chemistry,0.365143735454732,10
State University of Santa Cruz,Education,0.435700628859054,49
State University of Santa Cruz,Engineering,0.629153597649335,84
State University of Santa Cruz,Law,0.506573006336735,12
State University of Tocantins,Business,0.460430490863662,64
State University of Tocantins,Education,0.450873025979341,48
State University of Tocantins,Mathematics,0.490708843298814,20
State University of Western Paraná,Business,0.537282499475495,51
State University of Western Paraná,Chemistry,0.490558723952612,16
State University of Western Paraná,Economics,0.522805066904783,11
State University of Western Paraná,Education,0.434769165061509,92
State University of Western Paraná,Engineering,0.591210786590504,154
State University of Western Paraná,Law,0.482329126285093,20
State University of Western Paraná,Mathematics,0.494650728371077,47
State University of the Centre-West,Business,0.485412914773128,40
State University of the Centre-West,Chemistry,0.464051684313241,22
State University of the Centre-West,Education,0.421679999751535,56
State University of the Centre-West,Engineering,0.608376106278091,68
State University of the Centre-West,Mathematics,0.474803045907232,32
State University of the Centre-West,Physics,0.512695603501969,13
Strong Consultoria Educacional Ltda.,Business,0.539074519367827,99
Sumaré University Centre,Education,0.414748412010918,11
São Camilo University Centre,Business,0.52445585513119,73
São Camilo University Centre,Education,0.410688580955457,85
São Camilo University Centre,Engineering,0.635325648446553,23
São Camilo University Centre,Mathematics,0.468340558537702,26
São Camilo University Centre,Nursing,0.41466217210933,33
São Judas Tadeu University Centre,Accounting,0.548704155197365,93
São Judas Tadeu University Centre,Architecture,0.494904273908463,87
São Judas Tadeu University Centre,Business,0.551482524367154,787
São Judas Tadeu University Centre,Economics,0.550433531226631,59
São Judas Tadeu University Centre,Education,0.415672756202981,83
São Judas Tadeu University Centre,Engineering,0.580197264550376,726
São Judas Tadeu University Centre,Information Technology,0.679123469716468,42
São Judas Tadeu University Centre,Law,0.513036274617546,205
São Judas Tadeu University Centre,Marketing,0.523945952986725,52
São Judas Tadeu University Centre,Nursing,0.476919345341694,14
Teacher Training Faculty of Mata Sul,Education,0.384825099216799,12
Teacher Training Faculty of Mata Sul,Mathematics,0.409245510140866,10
Technical Institute of Aeronautical Engineering,Engineering,0.548438310311182,382
Technological Federal University of Paraná,Architecture,0.508825697192715,31
Technological Federal University of Paraná,Business,0.565046984174806,56
Technological Federal University of Paraná,Chemistry,0.475515188210573,115
Technological Federal University of Paraná,Education,0.465602297728298,100
Technological Federal University of Paraná,Engineering,0.568311639971339,1578
Technological Federal University of Paraná,Information Technology,0.691397708042382,24
Technological Federal University of Paraná,Mathematics,0.490849586307106,106
Technological Federal University of Paraná,Physics,0.470131507813371,24
Teresa of Avila University Centre,Education,0.430037867842811,28
Tiradentes University,Architecture,0.516399851694724,52
Tiradentes University,Business,0.517339669450159,76
Tiradentes University,Education,0.433384457884116,93
Tiradentes University,Engineering,0.567785035492953,132
Tiradentes University,Information Technology,0.694751272759574,14
Tiradentes University,Law,0.499789738781518,60
Tiradentes University,Marketing,0.484697288703138,14
Tiradentes University,Mathematics,0.441963768871789,38
Toledo Prudente University Centre,Business,0.510888712534986,33
Toledo Prudente University Centre,Law,0.473309553174648,27
Toledo Wyden University Centre,Business,0.54359508562266,24
Toledo Wyden University Centre,Education,0.358507990386052,26
Toledo Wyden University Centre,Engineering,0.4706528710375,12
Toledo Wyden University Centre,Law,0.520988482716877,25
Trevisan Escola de Negócios,Accounting,0.538797659399118,307
Trevisan Escola de Negócios,Business,0.515072155077428,47
Trevisan Escola de Negócios,Finance,0.553788702026399,18
Triângulo University Centre,Architecture,0.480394193930913,13
Triângulo University Centre,Business,0.531243228012022,46
Triângulo University Centre,Education,0.411769790243012,10
Triângulo University Centre,Engineering,0.6849122756434,41
UDC Faculdades,Business,0.546438003057237,18
UDC Faculdades,Education,0.413725278255482,12
UDC Faculdades,Engineering,0.590223694688931,16
UERJ,Accounting,0.534840249128591,53
UERJ,Biology,0.50130863012291,12
UERJ,Business,0.547699885171999,170
UERJ,Chemistry,0.440511960385139,32
UERJ,Economics,0.522964047855041,98
UERJ,Education,0.430129070761016,334
UERJ,Engineering,0.556056949889616,573
UERJ,Information Technology,0.71859711255742,14
UERJ,Law,0.485385528169224,150
UERJ,Mathematics,0.424415237137461,120
UERJ,Physics,0.516480113410676,74
UERJ,Statistics,0.609753455075733,19
UFSCar - Alumni,Biology,0.537221474361871,23
UFSCar - Alumni,Business,0.54443835970907,84
UFSCar - Alumni,Chemistry,0.520012889676596,94
UFSCar - Alumni,Economics,0.543479050213989,38
UFSCar - Alumni,Education,0.445841777581241,151
UFSCar - Alumni,Engineering,0.57598576486819,1054
UFSCar - Alumni,Mathematics,0.458285882935006,40
UFSCar - Alumni,Physics,0.489365081273861,62
UFSCar - Alumni,Statistics,0.63626147634634,23
UFTM,Engineering,0.57816776403092,27
UFU Faculdade de Gestão e Negócios,Business,0.58080330878856,24
UNA University Centre,Accounting,0.517895152733667,25
UNA University Centre,Architecture,0.465209901100295,33
UNA University Centre,Business,0.531276692049444,403
UNA University Centre,Economics,0.585626539511061,14
UNA University Centre,Education,0.393381615856076,90
UNA University Centre,Engineering,0.539435109387212,373
UNA University Centre,Information Technology,0.704997937093917,45
UNA University Centre,Law,0.51744120648916,48
UNA University Centre,Marketing,0.524458527529672,58
UNA University Centre,Nursing,0.389468582209963,10
UNEB - Universidade do Estado da Bahia,Accounting,0.566721587028803,10
UNEB - Universidade do Estado da Bahia,Business,0.496402646999757,18
UNEB - Universidade do Estado da Bahia,Chemistry,0.440585022398723,18
UNEB - Universidade do Estado da Bahia,Education,0.441935691634248,180
UNEB - Universidade do Estado da Bahia,Engineering,0.586683978901494,21
UNEB - Universidade do Estado da Bahia,Mathematics,0.475317347225241,33
UNEF - Unidade de Ensino Superior de Feira de Santana,Business,0.39734190961459,12
UNIABEU University Centre,Business,0.555790649538151,52
UNIABEU University Centre,Education,0.424856900087749,36
UNIABEU University Centre,Mathematics,0.469753745799268,15
UNIAESO - Centro Universitário AESO-Barros Melo,Law,0.487465648776981,13
UNIBR - Faculty of São Vicente,Business,0.526446876757942,12
UNIBR - Faculty of São Vicente,Education,0.512338023501736,19
UNIBTA University Centre,Business,0.572469537970928,13
UNIBTA University Centre,Engineering,0.669414725078025,68
UNIBTA University Centre,Information Technology,0.665184489306004,14
UNICARIOCA University Centre,Accounting,0.539253625087842,10
UNICARIOCA University Centre,Business,0.565711245989213,148
UNICARIOCA University Centre,Education,0.41179375852403,48
UNICARIOCA University Centre,Engineering,0.711431158758408,135
UNICARIOCA University Centre,Information Technology,0.683025207165095,12
UNICARIOCA University Centre,Marketing,0.533933391724473,46
UNICASTELO - Universidade Camilo Castelo Branco,Business,0.568542168595987,15
UNICASTELO - Universidade Camilo Castelo Branco,Chemistry,0.38796065482652,17
UNICASTELO - Universidade Camilo Castelo Branco,Education,0.382842638791919,65
UNICASTELO - Universidade Camilo Castelo Branco,Mathematics,0.432911114116695,18
UNICESUSC,Law,0.512445929038661,13
UNICV - Centro Universitário Cidade Verde,Business,0.614701255946038,11
UNICV - Centro Universitário Cidade Verde,Education,0.443367234286428,17
UNICV - Centro Universitário Cidade Verde,Marketing,0.556289238304997,12
UNIESP University Centre,Business,0.482397695052433,27
UNIESP University Centre,Education,0.428508123434303,20
UNIESP University Centre,Law,0.55371010162642,18
UNIFAAT University Centre,Business,0.560688503727615,45
UNIFAAT University Centre,Education,0.391980104391998,16
UNIFAAT University Centre,Law,0.602561691863141,10
UNIFAAT University Centre,Mathematics,0.433125584021701,11
UNIFACEAR University Centre,Business,0.564895576373018,33
UNIFACEAR University Centre,Education,0.389245881946036,12
UNIFACEAR University Centre,Engineering,0.487966151460838,41
UNIFACVEST University Centre,Education,0.460892192069101,85
UNIFACVEST University Centre,Engineering,0.423583314701726,10
UNIFAFIBE,Business,0.550675544137098,26
UNIFAFIBE,Education,0.401487995931694,18
UNIFAMEC University Centre,Engineering,0.43545805696252,16
UNIFAN - Centro Universitário Nobre,Education,0.387327281342157,11
UNIFAS University Centre,Architecture,0.493258942274959,20
UNIFAS University Centre,Business,0.505236957611393,66
UNIFAS University Centre,Education,0.372749673110775,39
UNIFAS University Centre,Engineering,0.469589731867056,27
UNIFAS University Centre,Law,0.487751728198928,15
UNIFAS University Centre,Marketing,0.504544183660518,13
UNIFASE - Centro Universitário Arthur Sá Earp Neto,Business,0.577797618141266,17
UNIFASE - Centro Universitário Arthur Sá Earp Neto,Nursing,0.414693884760206,11
UNIFATEB,Business,0.51127762911114,11
UNIFATEB,Engineering,0.539075943600047,14
UNIFEMM - Centro Universitário de Sete Lagoas,Business,0.573527083192729,18
UNIFEMM - Centro Universitário de Sete Lagoas,Education,0.402430720212168,12
UNIFEMM - Centro Universitário de Sete Lagoas,Engineering,0.471982254626546,43
UNIFEMM - Centro Universitário de Sete Lagoas,Law,0.404335307516088,15
UNIFIPA,Business,0.568170920877037,11
UNIFIPA,Education,0.312422313472962,20
UNIFTEC University Centre,Engineering,0.543572417587533,20
UNIGRAN Capital University Centre,Education,0.464958519868949,11
UNILAGO,Business,0.537749179563533,34
UNILAGO,Education,0.387274191294287,16
UNIMAIS - Faculdade Educamais,Education,0.484680533884864,12
UNIMOGI FMG-IESF,Business,0.494377445430226,13
UNIMONTE,Business,0.531794561836496,130
UNIMONTE,Education,0.449320105892883,11
UNIMONTE,Engineering,0.527792560421869,20
UNIMONTE,Marketing,0.492636217075448,11
UNINASSAU Faculy of Olinda - Nassau Olinda,Accounting,0.582033444731871,23
UNINASSAU Faculy of Olinda - Nassau Olinda,Architecture,0.487405925207757,21
UNINASSAU Faculy of Olinda - Nassau Olinda,Business,0.526846464626784,85
UNINASSAU Faculy of Olinda - Nassau Olinda,Education,0.427769760986797,102
UNINASSAU Faculy of Olinda - Nassau Olinda,Engineering,0.532336924670025,142
UNINASSAU Faculy of Olinda - Nassau Olinda,Information Technology,0.727180221691973,10
UNINASSAU Faculy of Olinda - Nassau Olinda,Law,0.503420848544514,52
UNINASSAU Faculy of Olinda - Nassau Olinda,Marketing,0.55445247551775,21
UNINASSAU Faculy of Olinda - Nassau Olinda,Nursing,0.393688466618312,15
UNINOVAFAPI University Centre,Engineering,0.482582255842387,10
"UNINTER BH Centro, Venda Nova e Contagem",Education,0.412717166530427,33
UNIOESTE,Business,0.586520684962736,15
UNIOESTE,Education,0.439621401158896,11
UNIOESTE,Engineering,0.630600992746429,15
UNIRB University Centre,Education,0.332432118449238,10
UNISAGRADO,Architecture,0.503698487738848,12
UNISAGRADO,Education,0.407520535424328,19
UNISAGRADO,Engineering,0.608550826800548,28
UNISAN University Centre,Education,0.414858978735481,18
UNISUZ - FACULDADE UNIDA DE SUZANO,Business,0.55621406117655,16
UNISUZ - FACULDADE UNIDA DE SUZANO,Education,0.366704383957956,36
UNORTE Centro Universitário do Norte de São Paulo,Engineering,0.566627148935522,28
UTRAMIG Technical Education Centre,Mathematics,0.459879698430157,12
Uni-ANHANGUERA - Centro Universitário de Goiás,Business,0.529808051235443,17
Uni-ANHANGUERA - Centro Universitário de Goiás,Education,0.491405765236488,12
Uni-ANHANGUERA - Centro Universitário de Goiás,Engineering,0.546777010249645,21
Uni-ANHANGUERA - Centro Universitário de Goiás,Law,0.497424059789314,19
UniCEUB - Centro Universitário de Brasília,Architecture,0.471721713157567,92
UniCEUB - Centro Universitário de Brasília,Business,0.526598131849519,134
UniCEUB - Centro Universitário de Brasília,Education,0.42983652660701,32
UniCEUB - Centro Universitário de Brasília,Engineering,0.642417976851532,241
UniCEUB - Centro Universitário de Brasília,Law,0.494332507904105,242
UniCEUB - Centro Universitário de Brasília,Marketing,0.523848935788327,38
UniDomBosco University Centre,Business,0.565729979564999,19
UniDomBosco University Centre,Education,0.44831257925171,32
UniFACEF,Business,0.499828668825211,18
UniFACEF,Engineering,0.653084198849581,15
UniFBV Wyden,Business,0.549054998036999,17
UniFBV Wyden,Engineering,0.574585290780904,22
UniFECAF,Business,0.490654048475719,11
UniFTC University Centre,Business,0.511257697543383,76
UniFTC University Centre,Education,0.467686523475532,61
UniFTC University Centre,Engineering,0.500645115597014,83
UniFTC University Centre,Law,0.545711067106995,12
UniFTC University Centre,Marketing,0.507572989085255,17
UniFTC University Centre,Mathematics,0.456723881317561,19
UniFanor Wyden University Centre,Business,0.563578914248392,13
UniFanor Wyden University Centre,Engineering,0.538746112236236,27
UniFavip Wyden University Centre,Engineering,0.532623314615244,17
UniRuy Wyden University Centre,Business,0.533007191570477,15
UniRuy Wyden University Centre,Engineering,0.550509396662837,27
Unibratec,Engineering,0.719658170749909,15
Unifacisa University Centre,Business,0.510776016810673,13
Unifacisa University Centre,Law,0.471129462931574,12
Unifamma,Business,0.542626042251683,14
Union of Schools of Paraíso,Accounting,0.50854778133378,23
Union of Schools of Paraíso,Business,0.535951443734107,263
Union of Schools of Paraíso,Education,0.40645818126463,241
Union of Schools of Paraíso,Engineering,0.549567353552792,55
Union of Schools of Paraíso,Information Technology,0.642711706530042,13
Union of Schools of Paraíso,Law,0.510361833845446,27
Union of Schools of Paraíso,Marketing,0.568920565868,31
Union of Schools of Paraíso,Mathematics,0.465918899588598,21
Univel,Business,0.53142484528584,29
Univel,Education,0.351066030819466,14
Univel,Law,0.465336941846183,19
Universidade  Estadual do Norte do Paraná - UENP OFICIAL,Business,0.513525811632207,15
Universidade  Estadual do Norte do Paraná - UENP OFICIAL,Education,0.423556827617372,78
Universidade  Estadual do Norte do Paraná - UENP OFICIAL,Mathematics,0.448575545989303,34
Universidade Anhanguera São Paulo,Business,0.54746370006615,109
Universidade Anhanguera São Paulo,Education,0.416379813747165,163
Universidade Anhanguera São Paulo,Engineering,0.513049972877907,71
Universidade Anhanguera São Paulo,Information Technology,0.607911491477016,12
Universidade Anhanguera São Paulo,Law,0.523193335796189,12
Universidade Anhanguera São Paulo,Marketing,0.561601298103178,29
Universidade Anhanguera São Paulo,Mathematics,0.35187702127628,11
Universidade Bandeirante de São Paulo,Accounting,0.52128601740582,18
Universidade Bandeirante de São Paulo,Architecture,0.473371914862718,17
Universidade Bandeirante de São Paulo,Business,0.539609289159937,189
Universidade Bandeirante de São Paulo,Education,0.395406607421158,190
Universidade Bandeirante de São Paulo,Engineering,0.506036937476618,126
Universidade Bandeirante de São Paulo,Information Technology,0.668711755198634,52
Universidade Bandeirante de São Paulo,Law,0.485214956526069,25
Universidade Bandeirante de São Paulo,Marketing,0.508665279611803,16
Universidade Bandeirante de São Paulo,Mathematics,0.453123431531552,47
Universidade Bandeirante de São Paulo,Nursing,0.34517864765377,12
Universidade Estadual de Feira de Santana - UEFS,Education,0.414233656025636,17
Universidade Estadual de Feira de Santana - UEFS,Engineering,0.622706114753845,15
Universidade Estadual de Ponta Grossa,Accounting,0.518760314136088,12
Universidade Estadual de Ponta Grossa,Business,0.524434697547303,79
Universidade Estadual de Ponta Grossa,Chemistry,0.446711792547942,31
Universidade Estadual de Ponta Grossa,Economics,0.481997922496263,10
Universidade Estadual de Ponta Grossa,Education,0.423769009831743,154
Universidade Estadual de Ponta Grossa,Engineering,0.581744416907161,128
Universidade Estadual de Ponta Grossa,Law,0.48966336245116,31
Universidade Estadual de Ponta Grossa,Mathematics,0.454173004471071,28
Universidade Estadual de Ponta Grossa,Physics,0.442296880110619,26
Universidade Estadual do Vale do Acaraú,Business,0.48939782253781,77
Universidade Estadual do Vale do Acaraú,Chemistry,0.566662792787814,18
Universidade Estadual do Vale do Acaraú,Education,0.429608405869942,523
Universidade Estadual do Vale do Acaraú,Engineering,0.557796305550138,27
Universidade Estadual do Vale do Acaraú,Marketing,0.491935226093477,13
Universidade Estadual do Vale do Acaraú,Mathematics,0.450559005458432,83
Universidade Estadual do Vale do Acaraú,Physics,0.362150097672451,14
Universidade Federal de Alagoas,Architecture,0.518400951089548,35
Universidade Federal de Alagoas,Business,0.541079945563382,53
Universidade Federal de Alagoas,Chemistry,0.464603261535135,20
Universidade Federal de Alagoas,Education,0.454370897628764,109
Universidade Federal de Alagoas,Engineering,0.604732321839539,180
Universidade Federal de Alagoas,Law,0.53275464803431,20
Universidade Federal de Alagoas,Mathematics,0.466598530394024,39
Universidade Federal de Alagoas,Physics,0.53787501185215,27
Universidade Federal de Lavras,Business,0.532856276073389,126
Universidade Federal de Lavras,Chemistry,0.535948736802909,22
Universidade Federal de Lavras,Education,0.478272582166566,47
Universidade Federal de Lavras,Engineering,0.571898681832392,285
Universidade Federal de Lavras,Mathematics,0.461584461083185,15
Universidade Federal de Lavras,Medicine,0.377089650776919,15
Universidade Federal de Lavras,Physics,0.371418413491673,10
Universidade Federal do Tocantins,Architecture,0.505107565920764,12
Universidade Federal do Tocantins,Business,0.522725465643074,14
Universidade Federal do Tocantins,Chemistry,0.443920333954051,15
Universidade Federal do Tocantins,Education,0.431149355385977,72
Universidade Federal do Tocantins,Engineering,0.587856622065907,108
Universidade Federal do Tocantins,Mathematics,0.512617956654755,26
Universidade Federal do Tocantins,Physics,0.510594579673583,12
Universidade Gama Filho,Accounting,0.560388967540673,19
Universidade Gama Filho,Architecture,0.485211061349618,28
Universidade Gama Filho,Business,0.52525597381066,134
Universidade Gama Filho,Education,0.41266672943427,34
Universidade Gama Filho,Engineering,0.544887398255142,234
Universidade Gama Filho,Law,0.487485064407235,14
Universidade Gama Filho,Marketing,0.479819566723903,19
Universidade Gama Filho,Medicine,0.454473238235614,14
Universidade Metodista de Piracicaba,Accounting,0.515095753067894,13
Universidade Metodista de Piracicaba,Architecture,0.406733961000142,16
Universidade Metodista de Piracicaba,Business,0.535546647086222,239
Universidade Metodista de Piracicaba,Chemistry,0.486141102261535,32
Universidade Metodista de Piracicaba,Economics,0.55440243739491,17
Universidade Metodista de Piracicaba,Education,0.40193949268796,46
Universidade Metodista de Piracicaba,Engineering,0.518184750403152,203
Universidade Metodista de Piracicaba,Information Technology,0.731013436258759,16
Universidade Metodista de Piracicaba,Law,0.476793108305499,53
Universidade Metodista de Piracicaba,Marketing,0.57206746103024,10
Universidade Positivo,Accounting,0.544968365039454,25
Universidade Positivo,Architecture,0.486731342331745,44
Universidade Positivo,Business,0.535547703534324,312
Universidade Positivo,Economics,0.560861797653046,26
Universidade Positivo,Education,0.398061510224118,94
Universidade Positivo,Engineering,0.544164886031804,348
Universidade Positivo,Information Technology,0.713534505479086,34
Universidade Positivo,Law,0.508445180938719,72
Universidade Positivo,Marketing,0.517682750736296,50
Universidade Sant'Anna,Business,0.519737171419136,46
Universidade Sant'Anna,Education,0.41508293594338,27
Universidade Sant'Anna,Engineering,0.644871831266216,28
Universidade Tuiuti do Paraná,Architecture,0.464711680121453,14
Universidade Tuiuti do Paraná,Business,0.534493169096194,108
Universidade Tuiuti do Paraná,Education,0.429185157210267,42
Universidade Tuiuti do Paraná,Engineering,0.54595529307684,112
Universidade Tuiuti do Paraná,Law,0.513870539198549,29
Universidade Tuiuti do Paraná,Marketing,0.522730531501314,34
Universidade Tuiuti do Paraná,Mathematics,0.443705252828195,10
Universidade Tuiuti do Paraná,Medicine,0.33023095142456,10
Universidade da Região da Campanha - URCAMP,Business,0.505080025770153,18
Universidade da Região da Campanha - URCAMP,Education,0.47263764416159,29
Universidade da Região da Campanha - URCAMP,Law,0.520177874545267,11
Universidade de Oeste de Santa Catarina,Accounting,0.57600671905835,12
Universidade de Oeste de Santa Catarina,Architecture,0.481274210838973,13
Universidade de Oeste de Santa Catarina,Business,0.54899460351377,58
Universidade de Oeste de Santa Catarina,Education,0.420603666634254,43
Universidade de Oeste de Santa Catarina,Engineering,0.561838586538343,90
Universidade de Oeste de Santa Catarina,Law,0.545907094932855,33
Universidade do Sagrado Coração,Architecture,0.453894307096302,12
Universidade do Sagrado Coração,Business,0.530463549488601,33
Universidade do Sagrado Coração,Education,0.431792750012176,27
Universidade do Sagrado Coração,Engineering,0.571549527704225,35
Universidade do Sul de Santa Catarina,Accounting,0.530791139403055,61
Universidade do Sul de Santa Catarina,Architecture,0.496879309988466,35
Universidade do Sul de Santa Catarina,Business,0.539556745404848,233
Universidade do Sul de Santa Catarina,Chemistry,0.494913830066848,15
Universidade do Sul de Santa Catarina,Economics,0.582195963345216,14
Universidade do Sul de Santa Catarina,Education,0.438768243970096,79
Universidade do Sul de Santa Catarina,Engineering,0.584814081296009,191
Universidade do Sul de Santa Catarina,Information Technology,0.686610059378776,26
Universidade do Sul de Santa Catarina,Law,0.503495015122793,81
Universidade do Sul de Santa Catarina,Marketing,0.536027448627764,32
Universidade do Sul de Santa Catarina,Mathematics,0.50809920231148,32
Universidade do Sul de Santa Catarina,Medicine,0.40344659962974,11
Universirty Centre of the Amazon,Architecture,0.500698754008164,14
Universirty Centre of the Amazon,Business,0.511911332722961,27
Universirty Centre of the Amazon,Education,0.447730232384843,44
Universirty Centre of the Amazon,Engineering,0.567103175209533,40
Universirty Centre of the Amazon,Law,0.542239844844033,22
University Center of Pato Branco,Education,0.510928803977396,12
University Centre FACEX,Business,0.536288614383619,17
University Centre FACEX,Education,0.381501015095708,14
University Centre Opet,Business,0.529600570306831,86
University Centre Opet,Education,0.35379077123456,32
University Centre Opet,Engineering,0.677773387152849,24
University Centre Opet,Information Technology,0.684136425094747,17
University Centre Opet,Marketing,0.52234140324624,22
University Centre for the Development of the Upper Valley of the Itajai,Business,0.538377531882663,26
University Centre of Adamantina,Education,0.297968033166152,19
University Centre of Adamantina,Engineering,0.595499534840738,22
University Centre of Adamantina,Mathematics,0.453522196596406,12
University Centre of Associated Teaching Faculties FAE - UNIFAE,Business,0.557047424766188,34
University Centre of Associated Teaching Faculties FAE - UNIFAE,Engineering,0.523646763801563,39
University Centre of Barra Mansa,Business,0.507338000032278,58
University Centre of Barra Mansa,Education,0.42570817318086,31
University Centre of Barra Mansa,Engineering,0.485392474992825,88
University Centre of Barra Mansa,Law,0.465892916306305,25
University Centre of Brasilia,Business,0.536545805673538,16
University Centre of Brasilia,Law,0.504761924667781,14
University Centre of Brusque,Business,0.534052510133291,15
University Centre of Brusque,Education,0.414327605843012,11
University Centre of Brusque,Engineering,0.514780911471256,15
University Centre of Caratinga,Education,0.440269531454195,12
University Centre of Central São Paulo,Business,0.528276714653846,45
University Centre of Central São Paulo,Education,0.406489541451061,41
University Centre of Central São Paulo,Engineering,0.555409003919524,96
University Centre of Cerrado Patrocínio,Business,0.573166861808559,11
University Centre of Educational Foundation of Barretos,Business,0.553174483940549,21
University Centre of Educational Foundation of Barretos,Chemistry,0.532930914339662,11
University Centre of Educational Foundation of Barretos,Education,0.401046896528898,16
University Centre of Educational Foundation of Barretos,Engineering,0.501373576779204,78
University Centre of Espirito Santo,Business,0.569148653011269,15
University Centre of Espirito Santo,Engineering,0.584229297953788,13
University Centre of Espirito Santo,Law,0.550837376747871,11
University Centre of Fine Arts of Sao Paulo,Architecture,0.490398546884296,180
University Centre of Fine Arts of Sao Paulo,Business,0.51833841772685,20
University Centre of Fine Arts of Sao Paulo,Marketing,0.511980017979573,48
University Centre of Formiga,Education,0.392848556879015,16
University Centre of Formiga,Engineering,0.567751730747691,22
University Centre of Higher Education of the Amazon,Business,0.515962533241704,61
University Centre of Higher Education of the Amazon,Engineering,0.689215575611115,18
University Centre of Higher Education of the Amazon,Law,0.52276219893457,18
University Centre of Itajubá,Education,0.453704350398943,16
University Centre of Itajubá,Engineering,0.51901295200005,62
University Centre of Itajubá,Law,0.527450185432115,10
University Centre of Jaguariuna,Business,0.554224891408406,30
University Centre of Jaguariuna,Education,0.509367330138055,12
University Centre of Jaguariuna,Engineering,0.579406355897607,62
University Centre of Jaguariuna,Medicine,0.51173660070718,10
University Centre of Jales,Education,0.441258359093487,51
University Centre of Jales,Mathematics,0.50979120964051,35
University Centre of João Pessoa,Architecture,0.51155144070602,29
University Centre of João Pessoa,Business,0.533050856123554,35
University Centre of João Pessoa,Engineering,0.650000142294523,74
University Centre of João Pessoa,Law,0.482478121753063,61
University Centre of Lavras,Engineering,0.460006065004465,14
University Centre of Lins,Business,0.544104849022371,10
University Centre of Lins,Engineering,0.533016672809212,54
University Centre of Lins,Marketing,0.456519951385034,11
University Centre of Northern São Paulo,Business,0.527784478782333,15
University Centre of Northern São Paulo,Engineering,0.54790173482353,31
University Centre of Palmas,Engineering,0.51565998367896,13
University Centre of Patos de Minas,Business,0.508198672691347,33
University Centre of Patos de Minas,Education,0.434852668437907,36
University Centre of Patos de Minas,Engineering,0.468426507596657,25
University Centre of Patos de Minas,Law,0.555023915463892,18
University Centre of Paulinia,Business,0.565672113598462,15
University Centre of Rio Grande do Norte,Business,0.499993183685462,18
University Centre of Rio Grande do Norte,Law,0.491285542098294,21
University Centre of Rio Preto,Architecture,0.495917129194089,15
University Centre of Rio Preto,Business,0.540823038562734,49
University Centre of Rio Preto,Education,0.402537462273648,29
University Centre of Rio Preto,Engineering,0.587186651300447,51
University Centre of Rio Preto,Law,0.512315289015346,29
University Centre of Rio Preto,Marketing,0.496532953164269,13
University Centre of Rio Preto,Mathematics,0.553776817355722,11
University Centre of United Metropolitan Faculties,Accounting,0.532230340530231,80
University Centre of United Metropolitan Faculties,Architecture,0.499145461805484,96
University Centre of United Metropolitan Faculties,Business,0.551787434322074,676
University Centre of United Metropolitan Faculties,Economics,0.557494062776988,63
University Centre of United Metropolitan Faculties,Education,0.400367154262739,259
University Centre of United Metropolitan Faculties,Engineering,0.574739121186797,388
University Centre of United Metropolitan Faculties,Finance,0.539504503660965,11
University Centre of United Metropolitan Faculties,Information Technology,0.722382788275601,20
University Centre of United Metropolitan Faculties,Law,0.511447858845964,481
University Centre of United Metropolitan Faculties,Marketing,0.523543574126974,154
University Centre of United Metropolitan Faculties,Mathematics,0.531448084072194,22
University Centre of United Metropolitan Faculties,Medicine,0.402711643888527,34
University Centre of United Metropolitan Faculties,Nursing,0.373172032350706,40
University Centre of Valença,Education,0.412615119411086,11
University Centre of Vitória de Santo Antão,Education,0.453020685558694,15
University Centre of Volta Redonda - UniFOA,Business,0.536608278900169,25
University Centre of Volta Redonda - UniFOA,Education,0.357056134492044,13
University Centre of Volta Redonda - UniFOA,Engineering,0.457448246772413,110
University Centre of Volta Redonda - UniFOA,Law,0.525266320066493,12
University Centre of Votuporanga,Architecture,0.466370454759526,11
University Centre of Votuporanga,Business,0.497020416363081,10
University Centre of Votuporanga,Chemistry,0.503715651615826,10
University Centre of Votuporanga,Education,0.386809864254489,12
University Centre of Votuporanga,Engineering,0.596747471600381,14
University Centre of Várzea Grande,Education,0.425321666815043,15
University Centre of Várzea Grande,Engineering,0.45171332305111,17
University Centre of Várzea Grande,Law,0.461032881068223,12
University Centre of the Araxa Plateau,Business,0.522312897741818,10
University Centre of the Development of the Centre West,Education,0.451912214213252,10
University Centre of the Educational Foundation of Guaxupé,Education,0.360029109977122,17
University Centre of the Educational Foundation of Guaxupé,Engineering,0.566368581063301,12
University Centre of the Federal District - UDF,Architecture,0.472365872282747,12
University Centre of the Federal District - UDF,Business,0.496226431919433,46
University Centre of the Federal District - UDF,Education,0.433948804243707,81
University Centre of the Federal District - UDF,Engineering,0.529861105064917,56
University Centre of the Federal District - UDF,Information Technology,0.751720602781482,11
University Centre of the Federal District - UDF,Law,0.511864920483981,42
University Centre of the Federal District - UDF,Nursing,0.375271076154292,14
University Centre of the Grande Dourados Region,Business,0.516386106165056,51
University Centre of the Grande Dourados Region,Education,0.411539173934322,63
University Centre of the Grande Dourados Region,Engineering,0.530486134598732,23
University Centre of the Mauá Institute of Technology,Business,0.523535866952748,97
University Centre of the Mauá Institute of Technology,Engineering,0.543875963321419,908
University Centre of the North,Accounting,0.558905441824885,10
University Centre of the North,Architecture,0.472577351694129,15
University Centre of the North,Business,0.527519378933423,106
University Centre of the North,Education,0.404491564383927,140
University Centre of the North,Engineering,0.542021161363975,109
University Centre of the North,Law,0.495505631749464,34
University Centre of the North,Marketing,0.52623519391641,21
University Centre of the North,Mathematics,0.407514098595568,15
University Centre of the Santo André Foundation,Accounting,0.522280961442654,49
University Centre of the Santo André Foundation,Business,0.546310773582809,343
University Centre of the Santo André Foundation,Chemistry,0.452468178262567,55
University Centre of the Santo André Foundation,Economics,0.541390221242512,36
University Centre of the Santo André Foundation,Education,0.419588827580545,81
University Centre of the Santo André Foundation,Engineering,0.557944005142579,351
University Centre of the Santo André Foundation,Information Technology,0.679723507220255,64
University Centre of the Santo André Foundation,Marketing,0.533128032186936,26
University Centre of the Santo André Foundation,Mathematics,0.498588544089912,35
University Centre of the South of Minas,Business,0.549371230352789,46
University Centre of the South of Minas,Education,0.395382165540244,39
University Centre of the South of Minas,Engineering,0.538947908606315,77
University Centre of the South of Minas,Mathematics,0.44090419985955,12
University Centre of the State of Pará,Business,0.53626433143071,66
University Centre of the State of Pará,Engineering,0.610082870200693,84
University Centre of the State of Pará,Law,0.467478628764939,40
University Centre of the State of São Paulo,Education,0.473465167880649,15
University La Salle,Accounting,0.528006106847147,15
University La Salle,Business,0.551374484421884,115
University La Salle,Education,0.406029557671809,55
University La Salle,Engineering,0.629291702617973,91
University La Salle,Information Technology,0.665608797681288,12
University La Salle,Law,0.482704992290083,19
University La Salle,Marketing,0.528062465464885,13
University of Amazonia,Architecture,0.483014928545375,27
University of Amazonia,Business,0.496379238883139,36
University of Amazonia,Education,0.407033768144454,21
University of Amazonia,Engineering,0.638349122205209,45
University of Amazonia,Law,0.494933589538386,35
University of Araraquara,Architecture,0.481462022208909,12
University of Araraquara,Business,0.537114015492127,34
University of Araraquara,Education,0.375747025537932,19
University of Araraquara,Engineering,0.573510726585135,107
University of Araraquara,Law,0.494991454936668,29
University of Brasília,Accounting,0.538877546247102,51
University of Brasília,Architecture,0.492043891079838,108
University of Brasília,Biology,0.551302320560353,18
University of Brasília,Business,0.529046847203819,367
University of Brasília,Chemistry,0.511570046697455,70
University of Brasília,Economics,0.557722607640289,136
University of Brasília,Education,0.451881053664534,305
University of Brasília,Engineering,0.600445092747916,1061
University of Brasília,Law,0.504456874373101,98
University of Brasília,Marketing,0.550128509536013,14
University of Brasília,Mathematics,0.458332671475898,82
University of Brasília,Medicine,0.457199290745122,27
University of Brasília,Nursing,0.446892018825327,18
University of Brasília,Physics,0.516721031342388,73
University of Brasília,Statistics,0.670564454056837,51
University of Campinas,Architecture,0.492819554112924,39
University of Campinas,Biology,0.555969807213579,38
University of Campinas,Business,0.552356632364517,320
University of Campinas,Chemistry,0.479218328164005,226
University of Campinas,Economics,0.53498740598669,278
University of Campinas,Education,0.432476930968698,244
University of Campinas,Engineering,0.565940720845349,2173
University of Campinas,Information Technology,0.711361923180556,61
University of Campinas,Mathematics,0.560971460583308,145
University of Campinas,Medicine,0.406730876202331,20
University of Campinas,Nursing,0.420901938741612,27
University of Campinas,Physics,0.536111354450474,181
University of Campinas,Statistics,0.607866507617746,88
University of Caxias do Sul,Accounting,0.53378195001104,21
University of Caxias do Sul,Architecture,0.508536049280196,22
University of Caxias do Sul,Business,0.526351833896563,302
University of Caxias do Sul,Economics,0.552372257025235,15
University of Caxias do Sul,Education,0.393673174764355,108
University of Caxias do Sul,Engineering,0.556796372383058,286
University of Caxias do Sul,Law,0.488952971206916,49
University of Caxias do Sul,Marketing,0.511100714155785,19
University of Caxias do Sul,Mathematics,0.47941436911418,14
University of Cruz Alta,Engineering,0.679292719161088,12
University of Cruzeiro do Sul,Accounting,0.56293112236004,95
University of Cruzeiro do Sul,Architecture,0.446934831716331,20
University of Cruzeiro do Sul,Business,0.541160529746675,399
University of Cruzeiro do Sul,Chemistry,0.472180974322628,113
University of Cruzeiro do Sul,Economics,0.535456469149461,15
University of Cruzeiro do Sul,Education,0.42385424981068,852
University of Cruzeiro do Sul,Engineering,0.545795712404533,421
University of Cruzeiro do Sul,Information Technology,0.670415483373466,38
University of Cruzeiro do Sul,Law,0.499997298237531,57
University of Cruzeiro do Sul,Marketing,0.522007193191036,76
University of Cruzeiro do Sul,Mathematics,0.453919199423855,174
University of Cruzeiro do Sul,Medicine,0.371067189017308,10
University of Cruzeiro do Sul,Nursing,0.415727999371533,18
University of Cruzeiro do Sul,Physics,0.452748883510457,20
University of Fortaleza,Accounting,0.507698095131116,11
University of Fortaleza,Architecture,0.465963520214863,80
University of Fortaleza,Business,0.526115088912459,240
University of Fortaleza,Economics,0.554069826862167,17
University of Fortaleza,Education,0.375446634008333,13
University of Fortaleza,Engineering,0.553182602524013,321
University of Fortaleza,Law,0.498944325848656,157
University of Fortaleza,Marketing,0.509650387308017,22
University of Fortaleza,Nursing,0.371672899131418,14
University of Franca,Accounting,0.517955832911532,15
University of Franca,Business,0.516108125071601,76
University of Franca,Chemistry,0.473470749611366,79
University of Franca,Education,0.440662713016746,317
University of Franca,Engineering,0.564105258834297,102
University of Franca,Information Technology,0.680688740362953,10
University of Franca,Law,0.535037918874375,11
University of Franca,Marketing,0.535105619096108,28
University of Franca,Mathematics,0.443785274008347,135
University of Franca,Physics,0.461524364110321,39
University of Itaúna,Architecture,0.491357101316783,20
University of Itaúna,Business,0.519770519953053,18
University of Itaúna,Chemistry,0.477595209114177,19
University of Itaúna,Education,0.438882606349852,12
University of Itaúna,Engineering,0.516377982769717,104
University of Itaúna,Law,0.501109394854885,27
University of José do Rosário Vellano,Business,0.51333925434431,47
University of José do Rosário Vellano,Engineering,0.646871109189946,29
University of José do Rosário Vellano,Law,0.502046189836506,15
University of Marília,Architecture,0.503944124958012,11
University of Marília,Business,0.52144394955336,26
University of Marília,Education,0.399481057388314,11
University of Marília,Engineering,0.520263768608633,44
University of Mogi das Cruzes,Accounting,0.566950327616152,31
University of Mogi das Cruzes,Architecture,0.462117146793549,14
University of Mogi das Cruzes,Business,0.540651893291422,310
University of Mogi das Cruzes,Chemistry,0.460666354506333,46
University of Mogi das Cruzes,Education,0.419369904414919,103
University of Mogi das Cruzes,Engineering,0.510285101334688,315
University of Mogi das Cruzes,Information Technology,0.701687592165566,65
University of Mogi das Cruzes,Law,0.515114501801861,51
University of Mogi das Cruzes,Marketing,0.524802790890914,39
University of Paraná,Accounting,0.455036107626632,16
University of Paraná,Architecture,0.472214614302686,30
University of Paraná,Business,0.553176956929357,86
University of Paraná,Chemistry,0.462223193641235,14
University of Paraná,Education,0.443195857190795,82
University of Paraná,Engineering,0.539194208803913,39
University of Paraná,Information Technology,0.630428010291769,13
University of Paraná,Law,0.479290022096063,23
University of Paraná,Marketing,0.496584340039635,11
University of Paraná,Mathematics,0.443566773176659,33
University of Passo Fundo,Architecture,0.499736884793324,18
University of Passo Fundo,Business,0.519349572903902,76
University of Passo Fundo,Chemistry,0.471616648013709,16
University of Passo Fundo,Education,0.416002362953829,72
University of Passo Fundo,Engineering,0.557130351570164,144
University of Passo Fundo,Law,0.528666564730636,22
University of Passo Fundo,Mathematics,0.43180912448264,19
University of Passo Fundo,Physics,0.439721598063176,15
University of Pernambuco,Business,0.536705597585688,244
University of Pernambuco,Education,0.426016885962227,179
University of Pernambuco,Engineering,0.548230885781014,315
University of Pernambuco,Marketing,0.508835899554926,13
University of Pernambuco,Mathematics,0.447186926856728,54
University of Pernambuco,Nursing,0.404361926710474,13
University of Ribeirão Prêto,Business,0.523673856584467,102
University of Ribeirão Prêto,Education,0.424243378095112,45
University of Ribeirão Prêto,Engineering,0.584400147212894,69
University of Ribeirão Prêto,Law,0.539864473070175,41
University of Ribeirão Prêto,Marketing,0.507829361553622,24
University of Rio Verde,Engineering,0.468242401029901,12
University of Santa Cruz do Sul,Accounting,0.565427061790923,20
University of Santa Cruz do Sul,Architecture,0.495363027117717,12
University of Santa Cruz do Sul,Business,0.52577072905693,85
University of Santa Cruz do Sul,Chemistry,0.449678419660543,11
University of Santa Cruz do Sul,Economics,0.521989826056441,10
University of Santa Cruz do Sul,Education,0.428646874562424,31
University of Santa Cruz do Sul,Engineering,0.600027422362891,102
University of Santa Cruz do Sul,Law,0.465778540439228,18
University of Santo Amaro,Accounting,0.550764017305216,22
University of Santo Amaro,Business,0.529488815905373,165
University of Santo Amaro,Education,0.420326973745572,274
University of Santo Amaro,Engineering,0.549537989820833,93
University of Santo Amaro,Law,0.498840296227411,12
University of Santo Amaro,Marketing,0.565086638849905,25
University of Santo Amaro,Mathematics,0.489490023759442,21
University of Santo Amaro,Medicine,0.447247500439238,10
University of Sorocaba,Accounting,0.532387731554892,28
University of Sorocaba,Architecture,0.480265961000893,24
University of Sorocaba,Business,0.523497443906844,211
University of Sorocaba,Chemistry,0.477074535426022,12
University of Sorocaba,Economics,0.526309381861247,11
University of Sorocaba,Education,0.425568490026342,56
University of Sorocaba,Engineering,0.57096110669398,155
University of Sorocaba,Information Technology,0.763705930777277,14
University of Sorocaba,Law,0.545753270027059,13
University of Sorocaba,Marketing,0.483386478702482,12
University of Sorocaba,Medicine,0.392102159523733,11
University of Sorocaba,Physics,0.423134139481465,12
University of South Santa Catarina,Business,0.503626238471275,36
University of South Santa Catarina,Engineering,0.542919085537919,20
University of São Paulo,Accounting,0.521411443599182,208
University of São Paulo,Architecture,0.501753523737023,272
University of São Paulo,Biology,0.525202361675135,81
University of São Paulo,Business,0.532162100637954,1323
University of São Paulo,Chemistry,0.495984411253124,398
University of São Paulo,Economics,0.53180595964311,521
University of São Paulo,Education,0.443328790666719,435
University of São Paulo,Engineering,0.574409285731513,2883
University of São Paulo,Finance,0.52270211280153,49
University of São Paulo,Information Technology,0.64528051808123,105
University of São Paulo,Law,0.490206514863716,615
University of São Paulo,Marketing,0.529360623678766,355
University of São Paulo,Mathematics,0.543949277499057,248
University of São Paulo,Medicine,0.461285008264518,74
University of São Paulo,Nursing,0.437113658766957,87
University of São Paulo,Physics,0.553013152307108,490
University of São Paulo,Statistics,0.625614841642419,92
University of Taquari Valley,Business,0.573337127001352,36
University of Taquari Valley,Education,0.409224687148444,13
University of Taquari Valley,Engineering,0.559011761861872,62
University of Taubaté,Accounting,0.522982966812257,15
University of Taubaté,Architecture,0.485232743196429,36
University of Taubaté,Business,0.529545463100458,189
University of Taubaté,Economics,0.465880218691101,17
University of Taubaté,Education,0.418743410018257,93
University of Taubaté,Engineering,0.503291253157089,365
University of Taubaté,Law,0.488673390259989,30
University of Taubaté,Mathematics,0.436798056858565,27
University of Uberaba,Architecture,0.509397793450177,11
University of Uberaba,Business,0.537380368005626,101
University of Uberaba,Chemistry,0.439256483427322,73
University of Uberaba,Education,0.425915650866272,234
University of Uberaba,Engineering,0.513913426117082,208
University of Uberaba,Law,0.499003204429617,43
University of Uberaba,Marketing,0.55919743315806,13
University of Uberaba,Mathematics,0.447314271258696,26
University of Uberaba,Medicine,0.406882250349861,17
University of Vale do Itajaí,Architecture,0.499047243239389,31
University of Vale do Itajaí,Business,0.530045455526198,291
University of Vale do Itajaí,Education,0.42437410111479,63
University of Vale do Itajaí,Engineering,0.609691867801057,243
University of Vale do Itajaí,Law,0.504700360127985,96
University of Vale do Itajaí,Marketing,0.524739480275445,29
University of Vassouras,Business,0.567494887478483,15
University of Vassouras,Education,0.43819889820333,11
University of Vassouras,Engineering,0.473535120742009,32
University of West Santa Catarina,Business,0.522536093826812,11
University of West Santa Catarina,Engineering,0.495061300752366,10
University of the Amazon State,Business,0.538591743434538,23
University of the Amazon State,Chemistry,0.439545861697609,10
University of the Amazon State,Education,0.42886465038993,96
University of the Amazon State,Engineering,0.543882054291337,153
University of the Amazon State,Law,0.507972311373391,23
University of the Amazon State,Mathematics,0.45929400449261,34
University of the City of São Paulo,Accounting,0.502439527289458,22
University of the City of São Paulo,Architecture,0.504242937805038,11
University of the City of São Paulo,Business,0.533869038307099,246
University of the City of São Paulo,Education,0.415185559763023,648
University of the City of São Paulo,Engineering,0.573596704060623,214
University of the City of São Paulo,Information Technology,0.617328052647418,12
University of the City of São Paulo,Law,0.513789935612645,29
University of the City of São Paulo,Marketing,0.53471554418635,57
University of the City of São Paulo,Mathematics,0.486853880254427,33
University of the City of São Paulo,Nursing,0.359953334081461,14
University of the Extreme South of Santa Catarina,Business,0.538949821813628,58
University of the Extreme South of Santa Catarina,Education,0.463952288487236,32
University of the Extreme South of Santa Catarina,Engineering,0.573603729548402,88
University of the Extreme South of Santa Catarina,Law,0.492313078630507,19
University of the Extreme South of Santa Catarina,Mathematics,0.478163619607079,25
University of the Region of Joinville,Accounting,0.548740651042971,11
University of the Region of Joinville,Business,0.543921231243861,171
University of the Region of Joinville,Economics,0.483550629065496,13
University of the Region of Joinville,Education,0.424902881224196,57
University of the Region of Joinville,Engineering,0.550219645196053,117
University of the Region of Joinville,Law,0.486317380024407,29
University of the Rio dos Sinos Valley,Accounting,0.545721928285536,34
University of the Rio dos Sinos Valley,Architecture,0.487243868838288,70
University of the Rio dos Sinos Valley,Business,0.542809450004352,442
University of the Rio dos Sinos Valley,Economics,0.547379636928863,17
University of the Rio dos Sinos Valley,Education,0.417017104597518,112
University of the Rio dos Sinos Valley,Engineering,0.566377078859086,430
University of the Rio dos Sinos Valley,Information Technology,0.746192933305248,38
University of the Rio dos Sinos Valley,Law,0.488841184893129,56
University of the Rio dos Sinos Valley,Marketing,0.540953729070373,29
University of the Rio dos Sinos Valley,Mathematics,0.426784208409276,26
University of the Rio dos Sinos Valley,Physics,0.458360068901213,13
University of the Santa Catarina Plateau,Business,0.555884079116463,22
University of the Santa Catarina Plateau,Education,0.366646746693494,15
University of the Santa Catarina Plateau,Engineering,0.481326230126812,31
University of the Santa Catarina Plateau,Law,0.522659373872535,11
University of the Santa Catarina Plateau,Mathematics,0.489802543837612,10
University of the Sapucai Valley,Business,0.499858916294576,31
University of the Sapucai Valley,Education,0.416136993328659,22
University of the Sapucai Valley,Engineering,0.616794298490751,12
University of the State of Bahia,Accounting,0.605680739220052,11
University of the State of Bahia,Business,0.538859749369411,55
University of the State of Bahia,Education,0.427475397390989,90
University of the State of Bahia,Engineering,0.566278227509267,29
University of the State of Bahia,Law,0.435314982284714,12
University of the State of Bahia,Mathematics,0.448766414921502,21
University of the State of Mato Grosso Carlos Alberto Reyes Maldonado,Architecture,0.470593692532178,12
University of the State of Mato Grosso Carlos Alberto Reyes Maldonado,Business,0.547791296976118,25
University of the State of Mato Grosso Carlos Alberto Reyes Maldonado,Education,0.451043242576484,86
University of the State of Mato Grosso Carlos Alberto Reyes Maldonado,Engineering,0.54583808299525,98
University of the State of Mato Grosso Carlos Alberto Reyes Maldonado,Mathematics,0.509280121389616,44
University of the State of Minas Gerais,Business,0.516101875482877,30
University of the State of Minas Gerais,Chemistry,0.434713371851127,32
University of the State of Minas Gerais,Education,0.417101199477875,339
University of the State of Minas Gerais,Engineering,0.544800008625421,138
University of the State of Minas Gerais,Law,0.506954979867048,28
University of the State of Minas Gerais,Mathematics,0.415012011354278,64
University of the State of Para,Chemistry,0.452940984491647,25
University of the State of Para,Education,0.406453592119986,256
University of the State of Para,Engineering,0.538458024175572,55
University of the State of Para,Mathematics,0.45185278409733,111
University of the State of Para,Physics,0.463407649418199,15
University of the State of Paraná,Accounting,0.506794590335614,13
University of the State of Paraná,Business,0.552991882877448,52
University of the State of Paraná,Chemistry,0.426853663147649,20
University of the State of Paraná,Education,0.472440284841373,117
University of the State of Paraná,Engineering,0.608497183967634,12
University of the State of Paraná,Mathematics,0.458868932704054,62
University of the State of Rio Grande do Norte,Business,0.472573027378289,12
University of the State of Rio Grande do Norte,Education,0.428929631221185,65
University of the State of Rio Grande do Norte,Engineering,0.712464235330036,25
University of the State of Rio Grande do Norte,Mathematics,0.401156730395367,18
University of the State of Santa Catarina,Architecture,0.493843851091207,41
University of the State of Santa Catarina,Business,0.536259093256123,324
University of the State of Santa Catarina,Chemistry,0.499267057965431,22
University of the State of Santa Catarina,Economics,0.544663474079609,42
University of the State of Santa Catarina,Education,0.431345045565729,128
University of the State of Santa Catarina,Engineering,0.571649576370552,608
University of the State of Santa Catarina,Information Technology,0.63327609935078,19
University of the State of Santa Catarina,Mathematics,0.445866080163068,27
University of the State of Santa Catarina,Medicine,0.457204176460366,13
University of the State of Santa Catarina,Physics,0.569563520680464,18
University of the Valley of Itajaí,Business,0.518410333367248,50
University of the Valley of Itajaí,Engineering,0.610758858976563,36
University of the Valley of Itajaí,Law,0.466583089241556,11
University of the Valley of Paraiba,Architecture,0.468249641363567,18
University of the Valley of Paraiba,Business,0.510241264170288,53
University of the Valley of Paraiba,Education,0.405867479048326,45
University of the Valley of Paraiba,Engineering,0.552192454476011,264
University of the Valley of Paraiba,Law,0.504687325696769,36
University of the Valley of Paraiba,Marketing,0.515520582373062,10
University of the West of São Paulo,Architecture,0.481800263526652,18
University of the West of São Paulo,Business,0.522948022445307,56
University of the West of São Paulo,Chemistry,0.4450438387809,11
University of the West of São Paulo,Education,0.443518688403418,40
University of the West of São Paulo,Engineering,0.604986080037546,78
University of the West of São Paulo,Marketing,0.537617589544271,10
University of the West of São Paulo,Mathematics,0.466481464777407,19
University of the West of São Paulo,Medicine,0.436520398202559,11
Universus Veritas Guarulhos University,Architecture,0.475424650901278,11
Universus Veritas Guarulhos University,Business,0.519724042198907,83
Universus Veritas Guarulhos University,Chemistry,0.515981263546071,17
Universus Veritas Guarulhos University,Education,0.416948948649035,63
Universus Veritas Guarulhos University,Engineering,0.627990139485633,52
Universus Veritas Guarulhos University,Marketing,0.52360801903456,14
Universus Veritas Guarulhos University,Mathematics,0.451143160837773,17
Valley of the Rio Doce University,Business,0.47917305043309,21
Valley of the Rio Doce University,Education,0.400095082462218,19
Valley of the Rio Doce University,Engineering,0.533726799492977,51
Veiga de Almeida University,Accounting,0.540049126337444,30
Veiga de Almeida University,Business,0.539037222078665,232
Veiga de Almeida University,Education,0.451158223082511,74
Veiga de Almeida University,Engineering,0.572252330384315,499
Veiga de Almeida University,Information Technology,0.628762302340107,11
Veiga de Almeida University,Law,0.526634460462169,65
Veiga de Almeida University,Marketing,0.532964818603596,47
Vila Velha University,Architecture,0.509526683029097,23
Vila Velha University,Business,0.513956372997774,86
Vila Velha University,Education,0.402124622851892,18
Vila Velha University,Engineering,0.527743976827762,217
Vila Velha University,Law,0.476088132197021,44
Vila Velha University,Marketing,0.496736401728952,40
Vila Velha University,Medicine,0.445619353558087,12
Virtual University of the State of São Paulo,Education,0.448738627922188,213
Virtual University of the State of São Paulo,Engineering,0.565016466493988,98
Virtual University of the State of São Paulo,Information Technology,0.721873787876166,34
Virtual University of the State of São Paulo,Mathematics,0.481045242423007,148
Viscount of Cairu Foundation,Business,0.517958572656992,46
Viscount of Cairu Foundation,Education,0.362700570325773,12
Vitoria Association of Higher Education,Business,0.583464334401219,10
Wyden,Accounting,0.524540888277711,12
Wyden,Business,0.535603418938338,96
Wyden,Engineering,0.559894077523719,198
Wyden,Information Technology,0.688307260102436,10
Wyden,Law,0.480785600064404,23
Wyden,Marketing,0.571652129742264,19
Zumbi dos Palmares Faculty,Business,0.533811708148385,21
iBRA - Instituto Brasil de Ensino,Education,0.445756433131033,42
iBRA - Instituto Brasil de Ensino,Mathematics,0.434073712267939,28
Álvares Penteado University Centre - FECAP,Accounting,0.53772468431059,211
Álvares Penteado University Centre - FECAP,Business,0.532242899407573,453
Álvares Penteado University Centre - FECAP,Economics,0.534886076180746,71
Álvares Penteado University Centre - FECAP,Finance,0.505513707608706,29
Álvares Penteado University Centre - FECAP,Marketing,0.512330521799254,21
Área1 Wyden Faculty,Engineering,0.416614096461846,11
Área1 Wyden Faculty,Law,0.524288568976108,14
Única Faculty of Contagem,Education,0.433123723404372,41
Única Faculty of Contagem,Engineering,0.534840752680012,15
